gs://bugoff-bucket1/hinton/Insecta/GenusSpecies/Ethmia/abraxasella/Ethmia-abraxasella-6795070.jpg,abraxasella
gs://bugoff-bucket1/hinton/Insecta/GenusSpecies/Ethmia/arctostaphylella/Ethmia-arctostaphylella-1015011.jpg,arctostaphylella
gs://bugoff-bucket1/hinton/Insecta/GenusSpecies/Ethmia/arctostaphylella/Ethmia-arctostaphylella-1031034.jpg,arctostaphylella
gs://bugoff-bucket1/hinton/Insecta/GenusSpecies/Ethmia/arctostaphylella/Ethmia-arctostaphylella-1338886.jpg,arctostaphylella
gs://bugoff-bucket1/hinton/Insecta/GenusSpecies/Ethmia/arctostaphylella/Ethmia-arctostaphylella-1636782.jpg,arctostaphylella
gs://bugoff-bucket1/hinton/Insecta/GenusSpecies/Ethmia/arctostaphylella/Ethmia-arctostaphylella-1636793.jpg,arctostaphylella
gs://bugoff-bucket1/hinton/Insecta/GenusSpecies/Ethmia/arctostaphylella/Ethmia-arctostaphylella-1636816.jpg,arctostaphylella
gs://bugoff-bucket1/hinton/Insecta/GenusSpecies/Ethmia/arctostaphylella/Ethmia-arctostaphylella-3581987.jpg,arctostaphylella
gs://bugoff-bucket1/hinton/Insecta/GenusSpecies/Ethmia/arctostaphylella/Ethmia-arctostaphylella-379430.jpg,arctostaphylella
gs://bugoff-bucket1/hinton/Insecta/GenusSpecies/Ethmia/arctostaphylella/Ethmia-arctostaphylella-3944161.jpg,arctostaphylella
gs://bugoff-bucket1/hinton/Insecta/GenusSpecies/Ethmia/arctostaphylella/Ethmia-arctostaphylella-4082931.jpg,arctostaphylella
gs://bugoff-bucket1/hinton/Insecta/GenusSpecies/Ethmia/arctostaphylella/Ethmia-arctostaphylella-4083046.jpg,arctostaphylella
gs://bugoff-bucket1/hinton/Insecta/GenusSpecies/Ethmia/arctostaphylella/Ethmia-arctostaphylella-4314163.jpg,arctostaphylella
gs://bugoff-bucket1/hinton/Insecta/GenusSpecies/Ethmia/arctostaphylella/Ethmia-arctostaphylella-4314578.jpg,arctostaphylella
gs://bugoff-bucket1/hinton/Insecta/GenusSpecies/Ethmia/arctostaphylella/Ethmia-arctostaphylella-4368122.jpg,arctostaphylella
gs://bugoff-bucket1/hinton/Insecta/GenusSpecies/Ethmia/arctostaphylella/Ethmia-arctostaphylella-4413473.jpg,arctostaphylella
gs://bugoff-bucket1/hinton/Insecta/GenusSpecies/Ethmia/arctostaphylella/Ethmia-arctostaphylella-4429023.jpg,arctostaphylella
gs://bugoff-bucket1/hinton/Insecta/GenusSpecies/Ethmia/arctostaphylella/Ethmia-arctostaphylella-4772381.jpg,arctostaphylella
gs://bugoff-bucket1/hinton/Insecta/GenusSpecies/Ethmia/arctostaphylella/Ethmia-arctostaphylella-4808727.jpg,arctostaphylella
gs://bugoff-bucket1/hinton/Insecta/GenusSpecies/Ethmia/arctostaphylella/Ethmia-arctostaphylella-4809547.jpg,arctostaphylella
gs://bugoff-bucket1/hinton/Insecta/GenusSpecies/Ethmia/arctostaphylella/Ethmia-arctostaphylella-4840663.jpg,arctostaphylella
gs://bugoff-bucket1/hinton/Insecta/GenusSpecies/Ethmia/arctostaphylella/Ethmia-arctostaphylella-5457607.jpg,arctostaphylella
gs://bugoff-bucket1/hinton/Insecta/GenusSpecies/Ethmia/arctostaphylella/Ethmia-arctostaphylella-669017.jpg,arctostaphylella
gs://bugoff-bucket1/hinton/Insecta/GenusSpecies/Ethmia/arctostaphylella/Ethmia-arctostaphylella-6787779.jpg,arctostaphylella
gs://bugoff-bucket1/hinton/Insecta/GenusSpecies/Ethmia/arctostaphylella/Ethmia-arctostaphylella-6796681.jpg,arctostaphylella
gs://bugoff-bucket1/hinton/Insecta/GenusSpecies/Ethmia/bipunctella/Ethmia-bipunctella-1996360.jpg,bipunctella
gs://bugoff-bucket1/hinton/Insecta/GenusSpecies/Ethmia/bipunctella/Ethmia-bipunctella-2025386.jpg,bipunctella
gs://bugoff-bucket1/hinton/Insecta/GenusSpecies/Ethmia/bipunctella/Ethmia-bipunctella-2202315.jpg,bipunctella
gs://bugoff-bucket1/hinton/Insecta/GenusSpecies/Ethmia/bipunctella/Ethmia-bipunctella-2639946.jpg,bipunctella
gs://bugoff-bucket1/hinton/Insecta/GenusSpecies/Ethmia/bipunctella/Ethmia-bipunctella-3022880.jpg,bipunctella
gs://bugoff-bucket1/hinton/Insecta/GenusSpecies/Ethmia/bipunctella/Ethmia-bipunctella-3022887.jpg,bipunctella
gs://bugoff-bucket1/hinton/Insecta/GenusSpecies/Ethmia/bipunctella/Ethmia-bipunctella-3295952.jpg,bipunctella
gs://bugoff-bucket1/hinton/Insecta/GenusSpecies/Ethmia/bipunctella/Ethmia-bipunctella-3360998.jpg,bipunctella
gs://bugoff-bucket1/hinton/Insecta/GenusSpecies/Ethmia/bipunctella/Ethmia-bipunctella-3526149.jpg,bipunctella
gs://bugoff-bucket1/hinton/Insecta/GenusSpecies/Ethmia/bipunctella/Ethmia-bipunctella-6692670.jpg,bipunctella
gs://bugoff-bucket1/hinton/Insecta/GenusSpecies/Ethmia/bipunctella/Ethmia-bipunctella-6692685.jpg,bipunctella
gs://bugoff-bucket1/hinton/Insecta/GenusSpecies/Ethmia/bipunctella/Ethmia-bipunctella-6692686.jpg,bipunctella
gs://bugoff-bucket1/hinton/Insecta/GenusSpecies/Ethmia/bipunctella/Ethmia-bipunctella-7533608.jpg,bipunctella
gs://bugoff-bucket1/hinton/Insecta/GenusSpecies/Ethmia/bipunctella/Ethmia-bipunctella-7653716.jpg,bipunctella
gs://bugoff-bucket1/hinton/Insecta/GenusSpecies/Ethmia/bipunctella/Ethmia-bipunctella-7888371.jpg,bipunctella
gs://bugoff-bucket1/hinton/Insecta/GenusSpecies/Ethmia/bipunctella/Ethmia-bipunctella-7986055.jpg,bipunctella
gs://bugoff-bucket1/hinton/Insecta/GenusSpecies/Ethmia/bittenella/Ethmia-bittenella-7293917.jpg,bittenella
gs://bugoff-bucket1/hinton/Insecta/GenusSpecies/Ethmia/bittenella/Ethmia-bittenella-7913829.jpg,bittenella
gs://bugoff-bucket1/hinton/Insecta/GenusSpecies/Ethmia/brevistriga/Ethmia-brevistriga-4597000.jpg,brevistriga
gs://bugoff-bucket1/hinton/Insecta/GenusSpecies/Ethmia/brevistriga/Ethmia-brevistriga-6422865.jpg,brevistriga
gs://bugoff-bucket1/hinton/Insecta/GenusSpecies/Ethmia/circumdatella/Ethmia-circumdatella-1498578.jpg,circumdatella
gs://bugoff-bucket1/hinton/Insecta/GenusSpecies/Ethmia/coquillettella/Ethmia-coquillettella-6412412.jpg,coquillettella
gs://bugoff-bucket1/hinton/Insecta/GenusSpecies/Ethmia/coscineutis/Ethmia-coscineutis-1499265.jpg,coscineutis
gs://bugoff-bucket1/hinton/Insecta/GenusSpecies/Ethmia/delliella/Ethmia-delliella-1426214.jpg,delliella
gs://bugoff-bucket1/hinton/Insecta/GenusSpecies/Ethmia/delliella/Ethmia-delliella-1426215.jpg,delliella
gs://bugoff-bucket1/hinton/Insecta/GenusSpecies/Ethmia/delliella/Ethmia-delliella-1901059.jpg,delliella
gs://bugoff-bucket1/hinton/Insecta/GenusSpecies/Ethmia/delliella/Ethmia-delliella-1982073.jpg,delliella
gs://bugoff-bucket1/hinton/Insecta/GenusSpecies/Ethmia/delliella/Ethmia-delliella-2708507.jpg,delliella
gs://bugoff-bucket1/hinton/Insecta/GenusSpecies/Ethmia/delliella/Ethmia-delliella-3262763.jpg,delliella
gs://bugoff-bucket1/hinton/Insecta/GenusSpecies/Ethmia/delliella/Ethmia-delliella-3510828.jpg,delliella
gs://bugoff-bucket1/hinton/Insecta/GenusSpecies/Ethmia/delliella/Ethmia-delliella-3576693.jpg,delliella
gs://bugoff-bucket1/hinton/Insecta/GenusSpecies/Ethmia/delliella/Ethmia-delliella-3865911.jpg,delliella
gs://bugoff-bucket1/hinton/Insecta/GenusSpecies/Ethmia/delliella/Ethmia-delliella-3917755.jpg,delliella
gs://bugoff-bucket1/hinton/Insecta/GenusSpecies/Ethmia/delliella/Ethmia-delliella-4387297.jpg,delliella
gs://bugoff-bucket1/hinton/Insecta/GenusSpecies/Ethmia/delliella/Ethmia-delliella-4623701.jpg,delliella
gs://bugoff-bucket1/hinton/Insecta/GenusSpecies/Ethmia/delliella/Ethmia-delliella-4861348.jpg,delliella
gs://bugoff-bucket1/hinton/Insecta/GenusSpecies/Ethmia/delliella/Ethmia-delliella-5057315.jpg,delliella
gs://bugoff-bucket1/hinton/Insecta/GenusSpecies/Ethmia/delliella/Ethmia-delliella-5077442.jpg,delliella
gs://bugoff-bucket1/hinton/Insecta/GenusSpecies/Ethmia/delliella/Ethmia-delliella-5141888.jpg,delliella
gs://bugoff-bucket1/hinton/Insecta/GenusSpecies/Ethmia/delliella/Ethmia-delliella-5870542.jpg,delliella
gs://bugoff-bucket1/hinton/Insecta/GenusSpecies/Ethmia/delliella/Ethmia-delliella-6269924.jpg,delliella
gs://bugoff-bucket1/hinton/Insecta/GenusSpecies/Ethmia/delliella/Ethmia-delliella-6296919.jpg,delliella
gs://bugoff-bucket1/hinton/Insecta/GenusSpecies/Ethmia/delliella/Ethmia-delliella-6662623.jpg,delliella
gs://bugoff-bucket1/hinton/Insecta/GenusSpecies/Ethmia/delliella/Ethmia-delliella-6684367.jpg,delliella
gs://bugoff-bucket1/hinton/Insecta/GenusSpecies/Ethmia/delliella/Ethmia-delliella-6725720.jpg,delliella
gs://bugoff-bucket1/hinton/Insecta/GenusSpecies/Ethmia/delliella/Ethmia-delliella-6728571.jpg,delliella
gs://bugoff-bucket1/hinton/Insecta/GenusSpecies/Ethmia/delliella/Ethmia-delliella-6933740.jpg,delliella
gs://bugoff-bucket1/hinton/Insecta/GenusSpecies/Ethmia/delliella/Ethmia-delliella-701986.jpg,delliella
gs://bugoff-bucket1/hinton/Insecta/GenusSpecies/Ethmia/delliella/Ethmia-delliella-7284353.jpg,delliella
gs://bugoff-bucket1/hinton/Insecta/GenusSpecies/Ethmia/delliella/Ethmia-delliella-7293914.jpg,delliella
gs://bugoff-bucket1/hinton/Insecta/GenusSpecies/Ethmia/delliella/Ethmia-delliella-732219.jpg,delliella
gs://bugoff-bucket1/hinton/Insecta/GenusSpecies/Ethmia/delliella/Ethmia-delliella-7322886.jpg,delliella
gs://bugoff-bucket1/hinton/Insecta/GenusSpecies/Ethmia/delliella/Ethmia-delliella-7326155.jpg,delliella
gs://bugoff-bucket1/hinton/Insecta/GenusSpecies/Ethmia/delliella/Ethmia-delliella-7525525.jpg,delliella
gs://bugoff-bucket1/hinton/Insecta/GenusSpecies/Ethmia/delliella/Ethmia-delliella-7853233.jpg,delliella
gs://bugoff-bucket1/hinton/Insecta/GenusSpecies/Ethmia/discostrigella/Ethmia-discostrigella-1015012.jpg,discostrigella
gs://bugoff-bucket1/hinton/Insecta/GenusSpecies/Ethmia/discostrigella/Ethmia-discostrigella-1030906.jpg,discostrigella
gs://bugoff-bucket1/hinton/Insecta/GenusSpecies/Ethmia/discostrigella/Ethmia-discostrigella-1056841.jpg,discostrigella
gs://bugoff-bucket1/hinton/Insecta/GenusSpecies/Ethmia/discostrigella/Ethmia-discostrigella-1056863.jpg,discostrigella
gs://bugoff-bucket1/hinton/Insecta/GenusSpecies/Ethmia/discostrigella/Ethmia-discostrigella-1056869.jpg,discostrigella
gs://bugoff-bucket1/hinton/Insecta/GenusSpecies/Ethmia/discostrigella/Ethmia-discostrigella-1056871.jpg,discostrigella
gs://bugoff-bucket1/hinton/Insecta/GenusSpecies/Ethmia/discostrigella/Ethmia-discostrigella-1056875.jpg,discostrigella
gs://bugoff-bucket1/hinton/Insecta/GenusSpecies/Ethmia/discostrigella/Ethmia-discostrigella-1059724.jpg,discostrigella
gs://bugoff-bucket1/hinton/Insecta/GenusSpecies/Ethmia/discostrigella/Ethmia-discostrigella-1105692.jpg,discostrigella
gs://bugoff-bucket1/hinton/Insecta/GenusSpecies/Ethmia/discostrigella/Ethmia-discostrigella-1148562.jpg,discostrigella
gs://bugoff-bucket1/hinton/Insecta/GenusSpecies/Ethmia/discostrigella/Ethmia-discostrigella-1524474.jpg,discostrigella
gs://bugoff-bucket1/hinton/Insecta/GenusSpecies/Ethmia/discostrigella/Ethmia-discostrigella-1827131.jpg,discostrigella
gs://bugoff-bucket1/hinton/Insecta/GenusSpecies/Ethmia/discostrigella/Ethmia-discostrigella-1986619.jpg,discostrigella
gs://bugoff-bucket1/hinton/Insecta/GenusSpecies/Ethmia/discostrigella/Ethmia-discostrigella-1987280.jpg,discostrigella
gs://bugoff-bucket1/hinton/Insecta/GenusSpecies/Ethmia/discostrigella/Ethmia-discostrigella-2033693.jpg,discostrigella
gs://bugoff-bucket1/hinton/Insecta/GenusSpecies/Ethmia/discostrigella/Ethmia-discostrigella-2033716.jpg,discostrigella
gs://bugoff-bucket1/hinton/Insecta/GenusSpecies/Ethmia/discostrigella/Ethmia-discostrigella-2033741.jpg,discostrigella
gs://bugoff-bucket1/hinton/Insecta/GenusSpecies/Ethmia/discostrigella/Ethmia-discostrigella-2033749.jpg,discostrigella
gs://bugoff-bucket1/hinton/Insecta/GenusSpecies/Ethmia/discostrigella/Ethmia-discostrigella-2033813.jpg,discostrigella
gs://bugoff-bucket1/hinton/Insecta/GenusSpecies/Ethmia/discostrigella/Ethmia-discostrigella-2081154.jpg,discostrigella
gs://bugoff-bucket1/hinton/Insecta/GenusSpecies/Ethmia/discostrigella/Ethmia-discostrigella-2081155.jpg,discostrigella
gs://bugoff-bucket1/hinton/Insecta/GenusSpecies/Ethmia/discostrigella/Ethmia-discostrigella-2172042.jpg,discostrigella
gs://bugoff-bucket1/hinton/Insecta/GenusSpecies/Ethmia/discostrigella/Ethmia-discostrigella-2383100.jpg,discostrigella
gs://bugoff-bucket1/hinton/Insecta/GenusSpecies/Ethmia/discostrigella/Ethmia-discostrigella-2721950.jpg,discostrigella
gs://bugoff-bucket1/hinton/Insecta/GenusSpecies/Ethmia/discostrigella/Ethmia-discostrigella-2721951.jpg,discostrigella
gs://bugoff-bucket1/hinton/Insecta/GenusSpecies/Ethmia/discostrigella/Ethmia-discostrigella-2721952.jpg,discostrigella
gs://bugoff-bucket1/hinton/Insecta/GenusSpecies/Ethmia/discostrigella/Ethmia-discostrigella-3040568.jpg,discostrigella
gs://bugoff-bucket1/hinton/Insecta/GenusSpecies/Ethmia/discostrigella/Ethmia-discostrigella-3232997.jpg,discostrigella
gs://bugoff-bucket1/hinton/Insecta/GenusSpecies/Ethmia/discostrigella/Ethmia-discostrigella-3234039.jpg,discostrigella
gs://bugoff-bucket1/hinton/Insecta/GenusSpecies/Ethmia/discostrigella/Ethmia-discostrigella-3234059.jpg,discostrigella
gs://bugoff-bucket1/hinton/Insecta/GenusSpecies/Ethmia/discostrigella/Ethmia-discostrigella-3234098.jpg,discostrigella
gs://bugoff-bucket1/hinton/Insecta/GenusSpecies/Ethmia/discostrigella/Ethmia-discostrigella-3234309.jpg,discostrigella
gs://bugoff-bucket1/hinton/Insecta/GenusSpecies/Ethmia/discostrigella/Ethmia-discostrigella-3234369.jpg,discostrigella
gs://bugoff-bucket1/hinton/Insecta/GenusSpecies/Ethmia/discostrigella/Ethmia-discostrigella-3234459.jpg,discostrigella
gs://bugoff-bucket1/hinton/Insecta/GenusSpecies/Ethmia/discostrigella/Ethmia-discostrigella-3234464.jpg,discostrigella
gs://bugoff-bucket1/hinton/Insecta/GenusSpecies/Ethmia/discostrigella/Ethmia-discostrigella-3234467.jpg,discostrigella
gs://bugoff-bucket1/hinton/Insecta/GenusSpecies/Ethmia/discostrigella/Ethmia-discostrigella-3234474.jpg,discostrigella
gs://bugoff-bucket1/hinton/Insecta/GenusSpecies/Ethmia/discostrigella/Ethmia-discostrigella-3234478.jpg,discostrigella
gs://bugoff-bucket1/hinton/Insecta/GenusSpecies/Ethmia/discostrigella/Ethmia-discostrigella-3604955.jpg,discostrigella
gs://bugoff-bucket1/hinton/Insecta/GenusSpecies/Ethmia/discostrigella/Ethmia-discostrigella-4077432.jpg,discostrigella
gs://bugoff-bucket1/hinton/Insecta/GenusSpecies/Ethmia/discostrigella/Ethmia-discostrigella-4082934.jpg,discostrigella
gs://bugoff-bucket1/hinton/Insecta/GenusSpecies/Ethmia/discostrigella/Ethmia-discostrigella-4112649.jpg,discostrigella
gs://bugoff-bucket1/hinton/Insecta/GenusSpecies/Ethmia/discostrigella/Ethmia-discostrigella-4142891.jpg,discostrigella
gs://bugoff-bucket1/hinton/Insecta/GenusSpecies/Ethmia/discostrigella/Ethmia-discostrigella-4378407.jpg,discostrigella
gs://bugoff-bucket1/hinton/Insecta/GenusSpecies/Ethmia/discostrigella/Ethmia-discostrigella-4378409.jpg,discostrigella
gs://bugoff-bucket1/hinton/Insecta/GenusSpecies/Ethmia/discostrigella/Ethmia-discostrigella-4397668.jpg,discostrigella
gs://bugoff-bucket1/hinton/Insecta/GenusSpecies/Ethmia/discostrigella/Ethmia-discostrigella-4423069.jpg,discostrigella
gs://bugoff-bucket1/hinton/Insecta/GenusSpecies/Ethmia/discostrigella/Ethmia-discostrigella-4464298.jpg,discostrigella
gs://bugoff-bucket1/hinton/Insecta/GenusSpecies/Ethmia/discostrigella/Ethmia-discostrigella-4578570.jpg,discostrigella
gs://bugoff-bucket1/hinton/Insecta/GenusSpecies/Ethmia/discostrigella/Ethmia-discostrigella-4656123.jpg,discostrigella
gs://bugoff-bucket1/hinton/Insecta/GenusSpecies/Ethmia/discostrigella/Ethmia-discostrigella-4707342.jpg,discostrigella
gs://bugoff-bucket1/hinton/Insecta/GenusSpecies/Ethmia/discostrigella/Ethmia-discostrigella-4730153.jpg,discostrigella
gs://bugoff-bucket1/hinton/Insecta/GenusSpecies/Ethmia/discostrigella/Ethmia-discostrigella-4810472.jpg,discostrigella
gs://bugoff-bucket1/hinton/Insecta/GenusSpecies/Ethmia/discostrigella/Ethmia-discostrigella-4923508.jpg,discostrigella
gs://bugoff-bucket1/hinton/Insecta/GenusSpecies/Ethmia/discostrigella/Ethmia-discostrigella-5090346.jpg,discostrigella
gs://bugoff-bucket1/hinton/Insecta/GenusSpecies/Ethmia/discostrigella/Ethmia-discostrigella-5108055.jpg,discostrigella
gs://bugoff-bucket1/hinton/Insecta/GenusSpecies/Ethmia/discostrigella/Ethmia-discostrigella-5108056.jpg,discostrigella
gs://bugoff-bucket1/hinton/Insecta/GenusSpecies/Ethmia/discostrigella/Ethmia-discostrigella-5121993.jpg,discostrigella
gs://bugoff-bucket1/hinton/Insecta/GenusSpecies/Ethmia/discostrigella/Ethmia-discostrigella-5371656.jpg,discostrigella
gs://bugoff-bucket1/hinton/Insecta/GenusSpecies/Ethmia/discostrigella/Ethmia-discostrigella-5371731.jpg,discostrigella
gs://bugoff-bucket1/hinton/Insecta/GenusSpecies/Ethmia/discostrigella/Ethmia-discostrigella-5371935.jpg,discostrigella
gs://bugoff-bucket1/hinton/Insecta/GenusSpecies/Ethmia/discostrigella/Ethmia-discostrigella-5371952.jpg,discostrigella
gs://bugoff-bucket1/hinton/Insecta/GenusSpecies/Ethmia/discostrigella/Ethmia-discostrigella-5695827.jpg,discostrigella
gs://bugoff-bucket1/hinton/Insecta/GenusSpecies/Ethmia/discostrigella/Ethmia-discostrigella-5911964.jpg,discostrigella
gs://bugoff-bucket1/hinton/Insecta/GenusSpecies/Ethmia/discostrigella/Ethmia-discostrigella-6243041.jpg,discostrigella
gs://bugoff-bucket1/hinton/Insecta/GenusSpecies/Ethmia/discostrigella/Ethmia-discostrigella-6460633.jpg,discostrigella
gs://bugoff-bucket1/hinton/Insecta/GenusSpecies/Ethmia/discostrigella/Ethmia-discostrigella-6498986.jpg,discostrigella
gs://bugoff-bucket1/hinton/Insecta/GenusSpecies/Ethmia/discostrigella/Ethmia-discostrigella-6499007.jpg,discostrigella
gs://bugoff-bucket1/hinton/Insecta/GenusSpecies/Ethmia/discostrigella/Ethmia-discostrigella-6798203.jpg,discostrigella
gs://bugoff-bucket1/hinton/Insecta/GenusSpecies/Ethmia/discostrigella/Ethmia-discostrigella-7846203.jpg,discostrigella
gs://bugoff-bucket1/hinton/Insecta/GenusSpecies/Ethmia/hagenella/Ethmia-hagenella-1653594.jpg,hagenella
gs://bugoff-bucket1/hinton/Insecta/GenusSpecies/Ethmia/hagenella/Ethmia-hagenella-1653596.jpg,hagenella
gs://bugoff-bucket1/hinton/Insecta/GenusSpecies/Ethmia/hagenella/Ethmia-hagenella-249686.jpg,hagenella
gs://bugoff-bucket1/hinton/Insecta/GenusSpecies/Ethmia/hagenella/Ethmia-hagenella-3385355.jpg,hagenella
gs://bugoff-bucket1/hinton/Insecta/GenusSpecies/Ethmia/hagenella/Ethmia-hagenella-3468879.jpg,hagenella
gs://bugoff-bucket1/hinton/Insecta/GenusSpecies/Ethmia/hagenella/Ethmia-hagenella-3562626.jpg,hagenella
gs://bugoff-bucket1/hinton/Insecta/GenusSpecies/Ethmia/hagenella/Ethmia-hagenella-3591016.jpg,hagenella
gs://bugoff-bucket1/hinton/Insecta/GenusSpecies/Ethmia/hagenella/Ethmia-hagenella-3631198.jpg,hagenella
gs://bugoff-bucket1/hinton/Insecta/GenusSpecies/Ethmia/hagenella/Ethmia-hagenella-4075126.jpg,hagenella
gs://bugoff-bucket1/hinton/Insecta/GenusSpecies/Ethmia/hagenella/Ethmia-hagenella-4816255.jpg,hagenella
gs://bugoff-bucket1/hinton/Insecta/GenusSpecies/Ethmia/hagenella/Ethmia-hagenella-4907806.jpg,hagenella
gs://bugoff-bucket1/hinton/Insecta/GenusSpecies/Ethmia/hagenella/Ethmia-hagenella-6036494.jpg,hagenella
gs://bugoff-bucket1/hinton/Insecta/GenusSpecies/Ethmia/hagenella/Ethmia-hagenella-6284669.jpg,hagenella
gs://bugoff-bucket1/hinton/Insecta/GenusSpecies/Ethmia/hagenella/Ethmia-hagenella-6286110.jpg,hagenella
gs://bugoff-bucket1/hinton/Insecta/GenusSpecies/Ethmia/hagenella/Ethmia-hagenella-6679844.jpg,hagenella
gs://bugoff-bucket1/hinton/Insecta/GenusSpecies/Ethmia/hammella/Ethmia-hammella-2987709.jpg,hammella
gs://bugoff-bucket1/hinton/Insecta/GenusSpecies/Ethmia/hodgesella/Ethmia-hodgesella-1091954.jpg,hodgesella
gs://bugoff-bucket1/hinton/Insecta/GenusSpecies/Ethmia/hodgesella/Ethmia-hodgesella-1091962.jpg,hodgesella
gs://bugoff-bucket1/hinton/Insecta/GenusSpecies/Ethmia/hodgesella/Ethmia-hodgesella-1102481.jpg,hodgesella
gs://bugoff-bucket1/hinton/Insecta/GenusSpecies/Ethmia/hodgesella/Ethmia-hodgesella-1102510.jpg,hodgesella
gs://bugoff-bucket1/hinton/Insecta/GenusSpecies/Ethmia/hodgesella/Ethmia-hodgesella-1362524.jpg,hodgesella
gs://bugoff-bucket1/hinton/Insecta/GenusSpecies/Ethmia/hodgesella/Ethmia-hodgesella-2033682.jpg,hodgesella
gs://bugoff-bucket1/hinton/Insecta/GenusSpecies/Ethmia/hodgesella/Ethmia-hodgesella-2081167.jpg,hodgesella
gs://bugoff-bucket1/hinton/Insecta/GenusSpecies/Ethmia/hodgesella/Ethmia-hodgesella-2081168.jpg,hodgesella
gs://bugoff-bucket1/hinton/Insecta/GenusSpecies/Ethmia/lineatonotella/Ethmia-lineatonotella-289910.jpg,lineatonotella
gs://bugoff-bucket1/hinton/Insecta/GenusSpecies/Ethmia/longimaculella/Ethmia-longimaculella-2951808.jpg,longimaculella
gs://bugoff-bucket1/hinton/Insecta/GenusSpecies/Ethmia/longimaculella/Ethmia-longimaculella-350573.jpg,longimaculella
gs://bugoff-bucket1/hinton/Insecta/GenusSpecies/Ethmia/longimaculella/Ethmia-longimaculella-4214903.jpg,longimaculella
gs://bugoff-bucket1/hinton/Insecta/GenusSpecies/Ethmia/longimaculella/Ethmia-longimaculella-4664542.jpg,longimaculella
gs://bugoff-bucket1/hinton/Insecta/GenusSpecies/Ethmia/longimaculella/Ethmia-longimaculella-6593494.jpg,longimaculella
gs://bugoff-bucket1/hinton/Insecta/GenusSpecies/Ethmia/longimaculella/Ethmia-longimaculella-6593495.jpg,longimaculella
gs://bugoff-bucket1/hinton/Insecta/GenusSpecies/Ethmia/longimaculella/Ethmia-longimaculella-6593496.jpg,longimaculella
gs://bugoff-bucket1/hinton/Insecta/GenusSpecies/Ethmia/longimaculella/Ethmia-longimaculella-6692695.jpg,longimaculella
gs://bugoff-bucket1/hinton/Insecta/GenusSpecies/Ethmia/longimaculella/Ethmia-longimaculella-6692696.jpg,longimaculella
gs://bugoff-bucket1/hinton/Insecta/GenusSpecies/Ethmia/marmorea/Ethmia-marmorea-2118151.jpg,marmorea
gs://bugoff-bucket1/hinton/Insecta/GenusSpecies/Ethmia/mirusella/Ethmia-mirusella-3720942.jpg,mirusella
gs://bugoff-bucket1/hinton/Insecta/GenusSpecies/Ethmia/mirusella/Ethmia-mirusella-4749964.jpg,mirusella
gs://bugoff-bucket1/hinton/Insecta/GenusSpecies/Ethmia/nigroapicella/Ethmia-nigroapicella-1407772.jpg,nigroapicella
gs://bugoff-bucket1/hinton/Insecta/GenusSpecies/Ethmia/nigroapicella/Ethmia-nigroapicella-7039314.jpg,nigroapicella
gs://bugoff-bucket1/hinton/Insecta/GenusSpecies/Ethmia/nivosella/Ethmia-nivosella-5844138.jpg,nivosella
gs://bugoff-bucket1/hinton/Insecta/GenusSpecies/Ethmia/notatella/Ethmia-notatella-5844140.jpg,notatella
gs://bugoff-bucket1/hinton/Insecta/GenusSpecies/Ethmia/plagiobothrae/Ethmia-plagiobothrae-6179788.jpg,plagiobothrae
gs://bugoff-bucket1/hinton/Insecta/GenusSpecies/Ethmia/plagiobothrae/Ethmia-plagiobothrae-6179791.jpg,plagiobothrae
gs://bugoff-bucket1/hinton/Insecta/GenusSpecies/Ethmia/prattiella/Ethmia-prattiella-4816257.jpg,prattiella
gs://bugoff-bucket1/hinton/Insecta/GenusSpecies/Ethmia/prattiella/Ethmia-prattiella-6364333.jpg,prattiella
gs://bugoff-bucket1/hinton/Insecta/GenusSpecies/Ethmia/prattiella/Ethmia-prattiella-6367118.jpg,prattiella
gs://bugoff-bucket1/hinton/Insecta/GenusSpecies/Ethmia/prattiella/Ethmia-prattiella-6460648.jpg,prattiella
gs://bugoff-bucket1/hinton/Insecta/GenusSpecies/Ethmia/prattiella/Ethmia-prattiella-7445017.jpg,prattiella
gs://bugoff-bucket1/hinton/Insecta/GenusSpecies/Ethmia/pusiella/Ethmia-pusiella-5873042.jpg,pusiella
gs://bugoff-bucket1/hinton/Insecta/GenusSpecies/Ethmia/sabiella/Ethmia-sabiella-1561801.jpg,sabiella
gs://bugoff-bucket1/hinton/Insecta/GenusSpecies/Ethmia/semilugens/Ethmia-semilugens-1653576.jpg,semilugens
gs://bugoff-bucket1/hinton/Insecta/GenusSpecies/Ethmia/semilugens/Ethmia-semilugens-1653583.jpg,semilugens
gs://bugoff-bucket1/hinton/Insecta/GenusSpecies/Ethmia/semilugens/Ethmia-semilugens-1659829.jpg,semilugens
gs://bugoff-bucket1/hinton/Insecta/GenusSpecies/Ethmia/semilugens/Ethmia-semilugens-279826.jpg,semilugens
gs://bugoff-bucket1/hinton/Insecta/GenusSpecies/Ethmia/semilugens/Ethmia-semilugens-2962302.jpg,semilugens
gs://bugoff-bucket1/hinton/Insecta/GenusSpecies/Ethmia/semilugens/Ethmia-semilugens-3004543.jpg,semilugens
gs://bugoff-bucket1/hinton/Insecta/GenusSpecies/Ethmia/semilugens/Ethmia-semilugens-3118013.jpg,semilugens
gs://bugoff-bucket1/hinton/Insecta/GenusSpecies/Ethmia/semilugens/Ethmia-semilugens-3184482.jpg,semilugens
gs://bugoff-bucket1/hinton/Insecta/GenusSpecies/Ethmia/semilugens/Ethmia-semilugens-3316140.jpg,semilugens
gs://bugoff-bucket1/hinton/Insecta/GenusSpecies/Ethmia/semilugens/Ethmia-semilugens-3347402.jpg,semilugens
gs://bugoff-bucket1/hinton/Insecta/GenusSpecies/Ethmia/semilugens/Ethmia-semilugens-4987102.jpg,semilugens
gs://bugoff-bucket1/hinton/Insecta/GenusSpecies/Ethmia/semilugens/Ethmia-semilugens-6134302.jpg,semilugens
gs://bugoff-bucket1/hinton/Insecta/GenusSpecies/Ethmia/semilugens/Ethmia-semilugens-6152510.jpg,semilugens
gs://bugoff-bucket1/hinton/Insecta/GenusSpecies/Ethmia/semilugens/Ethmia-semilugens-6166315.jpg,semilugens
gs://bugoff-bucket1/hinton/Insecta/GenusSpecies/Ethmia/semilugens/Ethmia-semilugens-6262341.jpg,semilugens
gs://bugoff-bucket1/hinton/Insecta/GenusSpecies/Ethmia/semilugens/Ethmia-semilugens-6409952.jpg,semilugens
gs://bugoff-bucket1/hinton/Insecta/GenusSpecies/Ethmia/semilugens/Ethmia-semilugens-6414538.jpg,semilugens
gs://bugoff-bucket1/hinton/Insecta/GenusSpecies/Ethmia/semilugens/Ethmia-semilugens-6470081.jpg,semilugens
gs://bugoff-bucket1/hinton/Insecta/GenusSpecies/Ethmia/semilugens/Ethmia-semilugens-6536933.jpg,semilugens
gs://bugoff-bucket1/hinton/Insecta/GenusSpecies/Ethmia/semilugens/Ethmia-semilugens-6662724.jpg,semilugens
gs://bugoff-bucket1/hinton/Insecta/GenusSpecies/Ethmia/semilugens/Ethmia-semilugens-6671167.jpg,semilugens
gs://bugoff-bucket1/hinton/Insecta/GenusSpecies/Ethmia/semilugens/Ethmia-semilugens-6671671.jpg,semilugens
gs://bugoff-bucket1/hinton/Insecta/GenusSpecies/Ethmia/semilugens/Ethmia-semilugens-6674501.jpg,semilugens
gs://bugoff-bucket1/hinton/Insecta/GenusSpecies/Ethmia/semilugens/Ethmia-semilugens-6724775.jpg,semilugens
gs://bugoff-bucket1/hinton/Insecta/GenusSpecies/Ethmia/semilugens/Ethmia-semilugens-6767744.jpg,semilugens
gs://bugoff-bucket1/hinton/Insecta/GenusSpecies/Ethmia/semilugens/Ethmia-semilugens-6796442.jpg,semilugens
gs://bugoff-bucket1/hinton/Insecta/GenusSpecies/Ethmia/semilugens/Ethmia-semilugens-6818375.jpg,semilugens
gs://bugoff-bucket1/hinton/Insecta/GenusSpecies/Ethmia/semilugens/Ethmia-semilugens-6833593.jpg,semilugens
gs://bugoff-bucket1/hinton/Insecta/GenusSpecies/Ethmia/semilugens/Ethmia-semilugens-6888765.jpg,semilugens
gs://bugoff-bucket1/hinton/Insecta/GenusSpecies/Ethmia/semilugens/Ethmia-semilugens-6965810.jpg,semilugens
gs://bugoff-bucket1/hinton/Insecta/GenusSpecies/Ethmia/semilugens/Ethmia-semilugens-7041071.jpg,semilugens
gs://bugoff-bucket1/hinton/Insecta/GenusSpecies/Ethmia/semilugens/Ethmia-semilugens-7043455.jpg,semilugens
gs://bugoff-bucket1/hinton/Insecta/GenusSpecies/Ethmia/semilugens/Ethmia-semilugens-7173789.jpg,semilugens
gs://bugoff-bucket1/hinton/Insecta/GenusSpecies/Ethmia/semilugens/Ethmia-semilugens-7492024.jpg,semilugens
gs://bugoff-bucket1/hinton/Insecta/GenusSpecies/Ethmia/semitenebrella/Ethmia-semitenebrella-1000265.jpg,semitenebrella
gs://bugoff-bucket1/hinton/Insecta/GenusSpecies/Ethmia/semitenebrella/Ethmia-semitenebrella-1056857.jpg,semitenebrella
gs://bugoff-bucket1/hinton/Insecta/GenusSpecies/Ethmia/semitenebrella/Ethmia-semitenebrella-1056858.jpg,semitenebrella
gs://bugoff-bucket1/hinton/Insecta/GenusSpecies/Ethmia/semitenebrella/Ethmia-semitenebrella-1059735.jpg,semitenebrella
gs://bugoff-bucket1/hinton/Insecta/GenusSpecies/Ethmia/semitenebrella/Ethmia-semitenebrella-1102469.jpg,semitenebrella
gs://bugoff-bucket1/hinton/Insecta/GenusSpecies/Ethmia/semitenebrella/Ethmia-semitenebrella-1114056.jpg,semitenebrella
gs://bugoff-bucket1/hinton/Insecta/GenusSpecies/Ethmia/semitenebrella/Ethmia-semitenebrella-1114061.jpg,semitenebrella
gs://bugoff-bucket1/hinton/Insecta/GenusSpecies/Ethmia/semitenebrella/Ethmia-semitenebrella-1114069.jpg,semitenebrella
gs://bugoff-bucket1/hinton/Insecta/GenusSpecies/Ethmia/semitenebrella/Ethmia-semitenebrella-1322944.jpg,semitenebrella
gs://bugoff-bucket1/hinton/Insecta/GenusSpecies/Ethmia/semitenebrella/Ethmia-semitenebrella-1426757.jpg,semitenebrella
gs://bugoff-bucket1/hinton/Insecta/GenusSpecies/Ethmia/semitenebrella/Ethmia-semitenebrella-1767439.jpg,semitenebrella
gs://bugoff-bucket1/hinton/Insecta/GenusSpecies/Ethmia/semitenebrella/Ethmia-semitenebrella-2033808.jpg,semitenebrella
gs://bugoff-bucket1/hinton/Insecta/GenusSpecies/Ethmia/semitenebrella/Ethmia-semitenebrella-2081162.jpg,semitenebrella
gs://bugoff-bucket1/hinton/Insecta/GenusSpecies/Ethmia/semitenebrella/Ethmia-semitenebrella-2226048.jpg,semitenebrella
gs://bugoff-bucket1/hinton/Insecta/GenusSpecies/Ethmia/semitenebrella/Ethmia-semitenebrella-2259251.jpg,semitenebrella
gs://bugoff-bucket1/hinton/Insecta/GenusSpecies/Ethmia/semitenebrella/Ethmia-semitenebrella-2259256.jpg,semitenebrella
gs://bugoff-bucket1/hinton/Insecta/GenusSpecies/Ethmia/semitenebrella/Ethmia-semitenebrella-2259450.jpg,semitenebrella
gs://bugoff-bucket1/hinton/Insecta/GenusSpecies/Ethmia/semitenebrella/Ethmia-semitenebrella-2273343.jpg,semitenebrella
gs://bugoff-bucket1/hinton/Insecta/GenusSpecies/Ethmia/semitenebrella/Ethmia-semitenebrella-2281021.jpg,semitenebrella
gs://bugoff-bucket1/hinton/Insecta/GenusSpecies/Ethmia/semitenebrella/Ethmia-semitenebrella-2387263.jpg,semitenebrella
gs://bugoff-bucket1/hinton/Insecta/GenusSpecies/Ethmia/semitenebrella/Ethmia-semitenebrella-2387528.jpg,semitenebrella
gs://bugoff-bucket1/hinton/Insecta/GenusSpecies/Ethmia/semitenebrella/Ethmia-semitenebrella-2848534.jpg,semitenebrella
gs://bugoff-bucket1/hinton/Insecta/GenusSpecies/Ethmia/semitenebrella/Ethmia-semitenebrella-3943246.jpg,semitenebrella
gs://bugoff-bucket1/hinton/Insecta/GenusSpecies/Ethmia/semitenebrella/Ethmia-semitenebrella-3955000.jpg,semitenebrella
gs://bugoff-bucket1/hinton/Insecta/GenusSpecies/Ethmia/semitenebrella/Ethmia-semitenebrella-5121890.jpg,semitenebrella
gs://bugoff-bucket1/hinton/Insecta/GenusSpecies/Ethmia/semitenebrella/Ethmia-semitenebrella-5457606.jpg,semitenebrella
gs://bugoff-bucket1/hinton/Insecta/GenusSpecies/Ethmia/semitenebrella/Ethmia-semitenebrella-5457765.jpg,semitenebrella
gs://bugoff-bucket1/hinton/Insecta/GenusSpecies/Ethmia/semitenebrella/Ethmia-semitenebrella-6608799.jpg,semitenebrella
gs://bugoff-bucket1/hinton/Insecta/GenusSpecies/Ethmia/semitenebrella/Ethmia-semitenebrella-7832526.jpg,semitenebrella
gs://bugoff-bucket1/hinton/Insecta/GenusSpecies/Ethmia/sphaerosticha/Ethmia-sphaerosticha-3360035.jpg,sphaerosticha
gs://bugoff-bucket1/hinton/Insecta/GenusSpecies/Ethmia/sphaerosticha/Ethmia-sphaerosticha-3614062.jpg,sphaerosticha
gs://bugoff-bucket1/hinton/Insecta/GenusSpecies/Ethmia/sphaerosticha/Ethmia-sphaerosticha-3907296.jpg,sphaerosticha
gs://bugoff-bucket1/hinton/Insecta/GenusSpecies/Ethmia/sphaerosticha/Ethmia-sphaerosticha-5399846.jpg,sphaerosticha
gs://bugoff-bucket1/hinton/Insecta/GenusSpecies/Ethmia/sphaerosticha/Ethmia-sphaerosticha-5427624.jpg,sphaerosticha
gs://bugoff-bucket1/hinton/Insecta/GenusSpecies/Ethmia/sphaerosticha/Ethmia-sphaerosticha-5911651.jpg,sphaerosticha
gs://bugoff-bucket1/hinton/Insecta/GenusSpecies/Ethmia/sphaerosticha/Ethmia-sphaerosticha-6067229.jpg,sphaerosticha
gs://bugoff-bucket1/hinton/Insecta/GenusSpecies/Ethmia/submissa/Ethmia-submissa-7859290.jpg,submissa
gs://bugoff-bucket1/hinton/Insecta/GenusSpecies/Ethmia/terminella/Ethmia-terminella-2065041.jpg,terminella
gs://bugoff-bucket1/hinton/Insecta/GenusSpecies/Ethmia/terminella/Ethmia-terminella-2169073.jpg,terminella
gs://bugoff-bucket1/hinton/Insecta/GenusSpecies/Ethmia/terminella/Ethmia-terminella-2208121.jpg,terminella
gs://bugoff-bucket1/hinton/Insecta/GenusSpecies/Ethmia/terminella/Ethmia-terminella-2208122.jpg,terminella
gs://bugoff-bucket1/hinton/Insecta/GenusSpecies/Ethmia/terminella/Ethmia-terminella-7502259.jpg,terminella
gs://bugoff-bucket1/hinton/Insecta/GenusSpecies/Ethmia/terpnota/Ethmia-terpnota-2982733.jpg,terpnota
gs://bugoff-bucket1/hinton/Insecta/GenusSpecies/Ethmia/trifida/Ethmia-trifida-5608380.jpg,trifida
gs://bugoff-bucket1/hinton/Insecta/GenusSpecies/Ethmia/trifurcella/Ethmia-trifurcella-6465232.jpg,trifurcella
gs://bugoff-bucket1/hinton/Insecta/GenusSpecies/Ethmia/trifurcella/Ethmia-trifurcella-6766939.jpg,trifurcella
gs://bugoff-bucket1/hinton/Insecta/GenusSpecies/Ethmia/trifurcella/Ethmia-trifurcella-7665110.jpg,trifurcella
gs://bugoff-bucket1/hinton/Insecta/GenusSpecies/Ethmia/vulgare/Ethmia-vulgare-6645929.jpg,vulgare
gs://bugoff-bucket1/hinton/Insecta/GenusSpecies/Ethmia/vulgare/Ethmia-vulgare-6645958.jpg,vulgare
gs://bugoff-bucket1/hinton/Insecta/GenusSpecies/Ethmia/vulgare/Ethmia-vulgare-7970563.jpg,vulgare
gs://bugoff-bucket1/hinton/Insecta/GenusSpecies/Ethmia/zelleriella/Ethmia-zelleriella-1473494.jpg,zelleriella
gs://bugoff-bucket1/hinton/Insecta/GenusSpecies/Ethmia/zelleriella/Ethmia-zelleriella-1707824.jpg,zelleriella
gs://bugoff-bucket1/hinton/Insecta/GenusSpecies/Ethmia/zelleriella/Ethmia-zelleriella-1816152.jpg,zelleriella
gs://bugoff-bucket1/hinton/Insecta/GenusSpecies/Ethmia/zelleriella/Ethmia-zelleriella-2195834.jpg,zelleriella
gs://bugoff-bucket1/hinton/Insecta/GenusSpecies/Ethmia/zelleriella/Ethmia-zelleriella-252769.jpg,zelleriella
gs://bugoff-bucket1/hinton/Insecta/GenusSpecies/Ethmia/zelleriella/Ethmia-zelleriella-3053603.jpg,zelleriella
gs://bugoff-bucket1/hinton/Insecta/GenusSpecies/Ethmia/zelleriella/Ethmia-zelleriella-3214317.jpg,zelleriella
gs://bugoff-bucket1/hinton/Insecta/GenusSpecies/Ethmia/zelleriella/Ethmia-zelleriella-3285491.jpg,zelleriella
gs://bugoff-bucket1/hinton/Insecta/GenusSpecies/Ethmia/zelleriella/Ethmia-zelleriella-3431385.jpg,zelleriella
gs://bugoff-bucket1/hinton/Insecta/GenusSpecies/Ethmia/zelleriella/Ethmia-zelleriella-3996150.jpg,zelleriella
gs://bugoff-bucket1/hinton/Insecta/GenusSpecies/Ethmia/zelleriella/Ethmia-zelleriella-4359444.jpg,zelleriella
gs://bugoff-bucket1/hinton/Insecta/GenusSpecies/Ethmia/zelleriella/Ethmia-zelleriella-5070766.jpg,zelleriella
gs://bugoff-bucket1/hinton/Insecta/GenusSpecies/Ethmia/zelleriella/Ethmia-zelleriella-5500651.jpg,zelleriella
gs://bugoff-bucket1/hinton/Insecta/GenusSpecies/Ethmia/zelleriella/Ethmia-zelleriella-6421492.jpg,zelleriella
gs://bugoff-bucket1/hinton/Insecta/GenusSpecies/Ethmia/zelleriella/Ethmia-zelleriella-6463072.jpg,zelleriella
gs://bugoff-bucket1/hinton/Insecta/GenusSpecies/Ethmia/zelleriella/Ethmia-zelleriella-661787.jpg,zelleriella
gs://bugoff-bucket1/hinton/Insecta/GenusSpecies/Ethmia/zelleriella/Ethmia-zelleriella-697056.jpg,zelleriella
gs://bugoff-bucket1/hinton/Insecta/GenusSpecies/Ethmia/zelleriella/Ethmia-zelleriella-709676.jpg,zelleriella
gs://bugoff-bucket1/hinton/Insecta/GenusSpecies/Ethmia/zelleriella/Ethmia-zelleriella-7314076.jpg,zelleriella
gs://bugoff-bucket1/hinton/Insecta/GenusSpecies/Ethmia/zelleriella/Ethmia-zelleriella-7326801.jpg,zelleriella
gs://bugoff-bucket1/hinton/Insecta/GenusSpecies/Ethmia/zelleriella/Ethmia-zelleriella-7424653.jpg,zelleriella
gs://bugoff-bucket1/hinton/Insecta/GenusSpecies/Ethmia/abraxasella/Ethmia-abraxasella-6795070.jpg,abraxasella
gs://bugoff-bucket1/hinton/Insecta/GenusSpecies/Ethmia/arctostaphylella/Ethmia-arctostaphylella-1015011.jpg,arctostaphylella
gs://bugoff-bucket1/hinton/Insecta/GenusSpecies/Ethmia/arctostaphylella/Ethmia-arctostaphylella-1031034.jpg,arctostaphylella
gs://bugoff-bucket1/hinton/Insecta/GenusSpecies/Ethmia/arctostaphylella/Ethmia-arctostaphylella-1338886.jpg,arctostaphylella
gs://bugoff-bucket1/hinton/Insecta/GenusSpecies/Ethmia/arctostaphylella/Ethmia-arctostaphylella-1636782.jpg,arctostaphylella
gs://bugoff-bucket1/hinton/Insecta/GenusSpecies/Ethmia/arctostaphylella/Ethmia-arctostaphylella-1636793.jpg,arctostaphylella
gs://bugoff-bucket1/hinton/Insecta/GenusSpecies/Ethmia/arctostaphylella/Ethmia-arctostaphylella-1636816.jpg,arctostaphylella
gs://bugoff-bucket1/hinton/Insecta/GenusSpecies/Ethmia/arctostaphylella/Ethmia-arctostaphylella-3581987.jpg,arctostaphylella
gs://bugoff-bucket1/hinton/Insecta/GenusSpecies/Ethmia/arctostaphylella/Ethmia-arctostaphylella-379430.jpg,arctostaphylella
gs://bugoff-bucket1/hinton/Insecta/GenusSpecies/Ethmia/arctostaphylella/Ethmia-arctostaphylella-3944161.jpg,arctostaphylella
gs://bugoff-bucket1/hinton/Insecta/GenusSpecies/Ethmia/arctostaphylella/Ethmia-arctostaphylella-4082931.jpg,arctostaphylella
gs://bugoff-bucket1/hinton/Insecta/GenusSpecies/Ethmia/arctostaphylella/Ethmia-arctostaphylella-4083046.jpg,arctostaphylella
gs://bugoff-bucket1/hinton/Insecta/GenusSpecies/Ethmia/arctostaphylella/Ethmia-arctostaphylella-4314163.jpg,arctostaphylella
gs://bugoff-bucket1/hinton/Insecta/GenusSpecies/Ethmia/arctostaphylella/Ethmia-arctostaphylella-4314578.jpg,arctostaphylella
gs://bugoff-bucket1/hinton/Insecta/GenusSpecies/Ethmia/arctostaphylella/Ethmia-arctostaphylella-4368122.jpg,arctostaphylella
gs://bugoff-bucket1/hinton/Insecta/GenusSpecies/Ethmia/arctostaphylella/Ethmia-arctostaphylella-4413473.jpg,arctostaphylella
gs://bugoff-bucket1/hinton/Insecta/GenusSpecies/Ethmia/arctostaphylella/Ethmia-arctostaphylella-4429023.jpg,arctostaphylella
gs://bugoff-bucket1/hinton/Insecta/GenusSpecies/Ethmia/arctostaphylella/Ethmia-arctostaphylella-4772381.jpg,arctostaphylella
gs://bugoff-bucket1/hinton/Insecta/GenusSpecies/Ethmia/arctostaphylella/Ethmia-arctostaphylella-4808727.jpg,arctostaphylella
gs://bugoff-bucket1/hinton/Insecta/GenusSpecies/Ethmia/arctostaphylella/Ethmia-arctostaphylella-4809547.jpg,arctostaphylella
gs://bugoff-bucket1/hinton/Insecta/GenusSpecies/Ethmia/arctostaphylella/Ethmia-arctostaphylella-4840663.jpg,arctostaphylella
gs://bugoff-bucket1/hinton/Insecta/GenusSpecies/Ethmia/arctostaphylella/Ethmia-arctostaphylella-5457607.jpg,arctostaphylella
gs://bugoff-bucket1/hinton/Insecta/GenusSpecies/Ethmia/arctostaphylella/Ethmia-arctostaphylella-669017.jpg,arctostaphylella
gs://bugoff-bucket1/hinton/Insecta/GenusSpecies/Ethmia/arctostaphylella/Ethmia-arctostaphylella-6787779.jpg,arctostaphylella
gs://bugoff-bucket1/hinton/Insecta/GenusSpecies/Ethmia/arctostaphylella/Ethmia-arctostaphylella-6796681.jpg,arctostaphylella
gs://bugoff-bucket1/hinton/Insecta/GenusSpecies/Ethmia/bipunctella/Ethmia-bipunctella-1996360.jpg,bipunctella
gs://bugoff-bucket1/hinton/Insecta/GenusSpecies/Ethmia/bipunctella/Ethmia-bipunctella-2025386.jpg,bipunctella
gs://bugoff-bucket1/hinton/Insecta/GenusSpecies/Ethmia/bipunctella/Ethmia-bipunctella-2202315.jpg,bipunctella
gs://bugoff-bucket1/hinton/Insecta/GenusSpecies/Ethmia/bipunctella/Ethmia-bipunctella-2639946.jpg,bipunctella
gs://bugoff-bucket1/hinton/Insecta/GenusSpecies/Ethmia/bipunctella/Ethmia-bipunctella-3022880.jpg,bipunctella
gs://bugoff-bucket1/hinton/Insecta/GenusSpecies/Ethmia/bipunctella/Ethmia-bipunctella-3022887.jpg,bipunctella
gs://bugoff-bucket1/hinton/Insecta/GenusSpecies/Ethmia/bipunctella/Ethmia-bipunctella-3295952.jpg,bipunctella
gs://bugoff-bucket1/hinton/Insecta/GenusSpecies/Ethmia/bipunctella/Ethmia-bipunctella-3360998.jpg,bipunctella
gs://bugoff-bucket1/hinton/Insecta/GenusSpecies/Ethmia/bipunctella/Ethmia-bipunctella-3526149.jpg,bipunctella
gs://bugoff-bucket1/hinton/Insecta/GenusSpecies/Ethmia/bipunctella/Ethmia-bipunctella-6692670.jpg,bipunctella
gs://bugoff-bucket1/hinton/Insecta/GenusSpecies/Ethmia/bipunctella/Ethmia-bipunctella-6692685.jpg,bipunctella
gs://bugoff-bucket1/hinton/Insecta/GenusSpecies/Ethmia/bipunctella/Ethmia-bipunctella-6692686.jpg,bipunctella
gs://bugoff-bucket1/hinton/Insecta/GenusSpecies/Ethmia/bipunctella/Ethmia-bipunctella-7533608.jpg,bipunctella
gs://bugoff-bucket1/hinton/Insecta/GenusSpecies/Ethmia/bipunctella/Ethmia-bipunctella-7653716.jpg,bipunctella
gs://bugoff-bucket1/hinton/Insecta/GenusSpecies/Ethmia/bipunctella/Ethmia-bipunctella-7888371.jpg,bipunctella
gs://bugoff-bucket1/hinton/Insecta/GenusSpecies/Ethmia/bipunctella/Ethmia-bipunctella-7986055.jpg,bipunctella
gs://bugoff-bucket1/hinton/Insecta/GenusSpecies/Ethmia/bittenella/Ethmia-bittenella-7293917.jpg,bittenella
gs://bugoff-bucket1/hinton/Insecta/GenusSpecies/Ethmia/bittenella/Ethmia-bittenella-7913829.jpg,bittenella
gs://bugoff-bucket1/hinton/Insecta/GenusSpecies/Ethmia/brevistriga/Ethmia-brevistriga-4597000.jpg,brevistriga
gs://bugoff-bucket1/hinton/Insecta/GenusSpecies/Ethmia/brevistriga/Ethmia-brevistriga-6422865.jpg,brevistriga
gs://bugoff-bucket1/hinton/Insecta/GenusSpecies/Ethmia/circumdatella/Ethmia-circumdatella-1498578.jpg,circumdatella
gs://bugoff-bucket1/hinton/Insecta/GenusSpecies/Ethmia/coquillettella/Ethmia-coquillettella-6412412.jpg,coquillettella
gs://bugoff-bucket1/hinton/Insecta/GenusSpecies/Ethmia/coscineutis/Ethmia-coscineutis-1499265.jpg,coscineutis
gs://bugoff-bucket1/hinton/Insecta/GenusSpecies/Ethmia/delliella/Ethmia-delliella-1426214.jpg,delliella
gs://bugoff-bucket1/hinton/Insecta/GenusSpecies/Ethmia/delliella/Ethmia-delliella-1426215.jpg,delliella
gs://bugoff-bucket1/hinton/Insecta/GenusSpecies/Ethmia/delliella/Ethmia-delliella-1901059.jpg,delliella
gs://bugoff-bucket1/hinton/Insecta/GenusSpecies/Ethmia/delliella/Ethmia-delliella-1982073.jpg,delliella
gs://bugoff-bucket1/hinton/Insecta/GenusSpecies/Ethmia/delliella/Ethmia-delliella-2708507.jpg,delliella
gs://bugoff-bucket1/hinton/Insecta/GenusSpecies/Ethmia/delliella/Ethmia-delliella-3262763.jpg,delliella
gs://bugoff-bucket1/hinton/Insecta/GenusSpecies/Ethmia/delliella/Ethmia-delliella-3510828.jpg,delliella
gs://bugoff-bucket1/hinton/Insecta/GenusSpecies/Ethmia/delliella/Ethmia-delliella-3576693.jpg,delliella
gs://bugoff-bucket1/hinton/Insecta/GenusSpecies/Ethmia/delliella/Ethmia-delliella-3865911.jpg,delliella
gs://bugoff-bucket1/hinton/Insecta/GenusSpecies/Ethmia/delliella/Ethmia-delliella-3917755.jpg,delliella
gs://bugoff-bucket1/hinton/Insecta/GenusSpecies/Ethmia/delliella/Ethmia-delliella-4387297.jpg,delliella
gs://bugoff-bucket1/hinton/Insecta/GenusSpecies/Ethmia/delliella/Ethmia-delliella-4623701.jpg,delliella
gs://bugoff-bucket1/hinton/Insecta/GenusSpecies/Ethmia/delliella/Ethmia-delliella-4861348.jpg,delliella
gs://bugoff-bucket1/hinton/Insecta/GenusSpecies/Ethmia/delliella/Ethmia-delliella-5057315.jpg,delliella
gs://bugoff-bucket1/hinton/Insecta/GenusSpecies/Ethmia/delliella/Ethmia-delliella-5077442.jpg,delliella
gs://bugoff-bucket1/hinton/Insecta/GenusSpecies/Ethmia/delliella/Ethmia-delliella-5141888.jpg,delliella
gs://bugoff-bucket1/hinton/Insecta/GenusSpecies/Ethmia/delliella/Ethmia-delliella-5870542.jpg,delliella
gs://bugoff-bucket1/hinton/Insecta/GenusSpecies/Ethmia/delliella/Ethmia-delliella-6269924.jpg,delliella
gs://bugoff-bucket1/hinton/Insecta/GenusSpecies/Ethmia/delliella/Ethmia-delliella-6296919.jpg,delliella
gs://bugoff-bucket1/hinton/Insecta/GenusSpecies/Ethmia/delliella/Ethmia-delliella-6662623.jpg,delliella
gs://bugoff-bucket1/hinton/Insecta/GenusSpecies/Ethmia/delliella/Ethmia-delliella-6684367.jpg,delliella
gs://bugoff-bucket1/hinton/Insecta/GenusSpecies/Ethmia/delliella/Ethmia-delliella-6725720.jpg,delliella
gs://bugoff-bucket1/hinton/Insecta/GenusSpecies/Ethmia/delliella/Ethmia-delliella-6728571.jpg,delliella
gs://bugoff-bucket1/hinton/Insecta/GenusSpecies/Ethmia/delliella/Ethmia-delliella-6933740.jpg,delliella
gs://bugoff-bucket1/hinton/Insecta/GenusSpecies/Ethmia/delliella/Ethmia-delliella-701986.jpg,delliella
gs://bugoff-bucket1/hinton/Insecta/GenusSpecies/Ethmia/delliella/Ethmia-delliella-7284353.jpg,delliella
gs://bugoff-bucket1/hinton/Insecta/GenusSpecies/Ethmia/delliella/Ethmia-delliella-7293914.jpg,delliella
gs://bugoff-bucket1/hinton/Insecta/GenusSpecies/Ethmia/delliella/Ethmia-delliella-732219.jpg,delliella
gs://bugoff-bucket1/hinton/Insecta/GenusSpecies/Ethmia/delliella/Ethmia-delliella-7322886.jpg,delliella
gs://bugoff-bucket1/hinton/Insecta/GenusSpecies/Ethmia/delliella/Ethmia-delliella-7326155.jpg,delliella
gs://bugoff-bucket1/hinton/Insecta/GenusSpecies/Ethmia/delliella/Ethmia-delliella-7525525.jpg,delliella
gs://bugoff-bucket1/hinton/Insecta/GenusSpecies/Ethmia/delliella/Ethmia-delliella-7853233.jpg,delliella
gs://bugoff-bucket1/hinton/Insecta/GenusSpecies/Ethmia/discostrigella/Ethmia-discostrigella-1015012.jpg,discostrigella
gs://bugoff-bucket1/hinton/Insecta/GenusSpecies/Ethmia/discostrigella/Ethmia-discostrigella-1030906.jpg,discostrigella
gs://bugoff-bucket1/hinton/Insecta/GenusSpecies/Ethmia/discostrigella/Ethmia-discostrigella-1056841.jpg,discostrigella
gs://bugoff-bucket1/hinton/Insecta/GenusSpecies/Ethmia/discostrigella/Ethmia-discostrigella-1056863.jpg,discostrigella
gs://bugoff-bucket1/hinton/Insecta/GenusSpecies/Ethmia/discostrigella/Ethmia-discostrigella-1056869.jpg,discostrigella
gs://bugoff-bucket1/hinton/Insecta/GenusSpecies/Ethmia/discostrigella/Ethmia-discostrigella-1056871.jpg,discostrigella
gs://bugoff-bucket1/hinton/Insecta/GenusSpecies/Ethmia/discostrigella/Ethmia-discostrigella-1056875.jpg,discostrigella
gs://bugoff-bucket1/hinton/Insecta/GenusSpecies/Ethmia/discostrigella/Ethmia-discostrigella-1059724.jpg,discostrigella
gs://bugoff-bucket1/hinton/Insecta/GenusSpecies/Ethmia/discostrigella/Ethmia-discostrigella-1105692.jpg,discostrigella
gs://bugoff-bucket1/hinton/Insecta/GenusSpecies/Ethmia/discostrigella/Ethmia-discostrigella-1148562.jpg,discostrigella
gs://bugoff-bucket1/hinton/Insecta/GenusSpecies/Ethmia/discostrigella/Ethmia-discostrigella-1524474.jpg,discostrigella
gs://bugoff-bucket1/hinton/Insecta/GenusSpecies/Ethmia/discostrigella/Ethmia-discostrigella-1827131.jpg,discostrigella
gs://bugoff-bucket1/hinton/Insecta/GenusSpecies/Ethmia/discostrigella/Ethmia-discostrigella-1986619.jpg,discostrigella
gs://bugoff-bucket1/hinton/Insecta/GenusSpecies/Ethmia/discostrigella/Ethmia-discostrigella-1987280.jpg,discostrigella
gs://bugoff-bucket1/hinton/Insecta/GenusSpecies/Ethmia/discostrigella/Ethmia-discostrigella-2033693.jpg,discostrigella
gs://bugoff-bucket1/hinton/Insecta/GenusSpecies/Ethmia/discostrigella/Ethmia-discostrigella-2033716.jpg,discostrigella
gs://bugoff-bucket1/hinton/Insecta/GenusSpecies/Ethmia/discostrigella/Ethmia-discostrigella-2033741.jpg,discostrigella
gs://bugoff-bucket1/hinton/Insecta/GenusSpecies/Ethmia/discostrigella/Ethmia-discostrigella-2033749.jpg,discostrigella
gs://bugoff-bucket1/hinton/Insecta/GenusSpecies/Ethmia/discostrigella/Ethmia-discostrigella-2033813.jpg,discostrigella
gs://bugoff-bucket1/hinton/Insecta/GenusSpecies/Ethmia/discostrigella/Ethmia-discostrigella-2081154.jpg,discostrigella
gs://bugoff-bucket1/hinton/Insecta/GenusSpecies/Ethmia/discostrigella/Ethmia-discostrigella-2081155.jpg,discostrigella
gs://bugoff-bucket1/hinton/Insecta/GenusSpecies/Ethmia/discostrigella/Ethmia-discostrigella-2172042.jpg,discostrigella
gs://bugoff-bucket1/hinton/Insecta/GenusSpecies/Ethmia/discostrigella/Ethmia-discostrigella-2383100.jpg,discostrigella
gs://bugoff-bucket1/hinton/Insecta/GenusSpecies/Ethmia/discostrigella/Ethmia-discostrigella-2721950.jpg,discostrigella
gs://bugoff-bucket1/hinton/Insecta/GenusSpecies/Ethmia/discostrigella/Ethmia-discostrigella-2721951.jpg,discostrigella
gs://bugoff-bucket1/hinton/Insecta/GenusSpecies/Ethmia/discostrigella/Ethmia-discostrigella-2721952.jpg,discostrigella
gs://bugoff-bucket1/hinton/Insecta/GenusSpecies/Ethmia/discostrigella/Ethmia-discostrigella-3040568.jpg,discostrigella
gs://bugoff-bucket1/hinton/Insecta/GenusSpecies/Ethmia/discostrigella/Ethmia-discostrigella-3232997.jpg,discostrigella
gs://bugoff-bucket1/hinton/Insecta/GenusSpecies/Ethmia/discostrigella/Ethmia-discostrigella-3234039.jpg,discostrigella
gs://bugoff-bucket1/hinton/Insecta/GenusSpecies/Ethmia/discostrigella/Ethmia-discostrigella-3234059.jpg,discostrigella
gs://bugoff-bucket1/hinton/Insecta/GenusSpecies/Ethmia/discostrigella/Ethmia-discostrigella-3234098.jpg,discostrigella
gs://bugoff-bucket1/hinton/Insecta/GenusSpecies/Ethmia/discostrigella/Ethmia-discostrigella-3234309.jpg,discostrigella
gs://bugoff-bucket1/hinton/Insecta/GenusSpecies/Ethmia/discostrigella/Ethmia-discostrigella-3234369.jpg,discostrigella
gs://bugoff-bucket1/hinton/Insecta/GenusSpecies/Ethmia/discostrigella/Ethmia-discostrigella-3234459.jpg,discostrigella
gs://bugoff-bucket1/hinton/Insecta/GenusSpecies/Ethmia/discostrigella/Ethmia-discostrigella-3234464.jpg,discostrigella
gs://bugoff-bucket1/hinton/Insecta/GenusSpecies/Ethmia/discostrigella/Ethmia-discostrigella-3234467.jpg,discostrigella
gs://bugoff-bucket1/hinton/Insecta/GenusSpecies/Ethmia/discostrigella/Ethmia-discostrigella-3234474.jpg,discostrigella
gs://bugoff-bucket1/hinton/Insecta/GenusSpecies/Ethmia/discostrigella/Ethmia-discostrigella-3234478.jpg,discostrigella
gs://bugoff-bucket1/hinton/Insecta/GenusSpecies/Ethmia/discostrigella/Ethmia-discostrigella-3604955.jpg,discostrigella
gs://bugoff-bucket1/hinton/Insecta/GenusSpecies/Ethmia/discostrigella/Ethmia-discostrigella-4077432.jpg,discostrigella
gs://bugoff-bucket1/hinton/Insecta/GenusSpecies/Ethmia/discostrigella/Ethmia-discostrigella-4082934.jpg,discostrigella
gs://bugoff-bucket1/hinton/Insecta/GenusSpecies/Ethmia/discostrigella/Ethmia-discostrigella-4112649.jpg,discostrigella
gs://bugoff-bucket1/hinton/Insecta/GenusSpecies/Ethmia/discostrigella/Ethmia-discostrigella-4142891.jpg,discostrigella
gs://bugoff-bucket1/hinton/Insecta/GenusSpecies/Ethmia/discostrigella/Ethmia-discostrigella-4378407.jpg,discostrigella
gs://bugoff-bucket1/hinton/Insecta/GenusSpecies/Ethmia/discostrigella/Ethmia-discostrigella-4378409.jpg,discostrigella
gs://bugoff-bucket1/hinton/Insecta/GenusSpecies/Ethmia/discostrigella/Ethmia-discostrigella-4397668.jpg,discostrigella
gs://bugoff-bucket1/hinton/Insecta/GenusSpecies/Ethmia/discostrigella/Ethmia-discostrigella-4423069.jpg,discostrigella
gs://bugoff-bucket1/hinton/Insecta/GenusSpecies/Ethmia/discostrigella/Ethmia-discostrigella-4464298.jpg,discostrigella
gs://bugoff-bucket1/hinton/Insecta/GenusSpecies/Ethmia/discostrigella/Ethmia-discostrigella-4578570.jpg,discostrigella
gs://bugoff-bucket1/hinton/Insecta/GenusSpecies/Ethmia/discostrigella/Ethmia-discostrigella-4656123.jpg,discostrigella
gs://bugoff-bucket1/hinton/Insecta/GenusSpecies/Ethmia/discostrigella/Ethmia-discostrigella-4707342.jpg,discostrigella
gs://bugoff-bucket1/hinton/Insecta/GenusSpecies/Ethmia/discostrigella/Ethmia-discostrigella-4730153.jpg,discostrigella
gs://bugoff-bucket1/hinton/Insecta/GenusSpecies/Ethmia/discostrigella/Ethmia-discostrigella-4810472.jpg,discostrigella
gs://bugoff-bucket1/hinton/Insecta/GenusSpecies/Ethmia/discostrigella/Ethmia-discostrigella-4923508.jpg,discostrigella
gs://bugoff-bucket1/hinton/Insecta/GenusSpecies/Ethmia/discostrigella/Ethmia-discostrigella-5090346.jpg,discostrigella
gs://bugoff-bucket1/hinton/Insecta/GenusSpecies/Ethmia/discostrigella/Ethmia-discostrigella-5108055.jpg,discostrigella
gs://bugoff-bucket1/hinton/Insecta/GenusSpecies/Ethmia/discostrigella/Ethmia-discostrigella-5108056.jpg,discostrigella
gs://bugoff-bucket1/hinton/Insecta/GenusSpecies/Ethmia/discostrigella/Ethmia-discostrigella-5121993.jpg,discostrigella
gs://bugoff-bucket1/hinton/Insecta/GenusSpecies/Ethmia/discostrigella/Ethmia-discostrigella-5371656.jpg,discostrigella
gs://bugoff-bucket1/hinton/Insecta/GenusSpecies/Ethmia/discostrigella/Ethmia-discostrigella-5371731.jpg,discostrigella
gs://bugoff-bucket1/hinton/Insecta/GenusSpecies/Ethmia/discostrigella/Ethmia-discostrigella-5371935.jpg,discostrigella
gs://bugoff-bucket1/hinton/Insecta/GenusSpecies/Ethmia/discostrigella/Ethmia-discostrigella-5371952.jpg,discostrigella
gs://bugoff-bucket1/hinton/Insecta/GenusSpecies/Ethmia/discostrigella/Ethmia-discostrigella-5695827.jpg,discostrigella
gs://bugoff-bucket1/hinton/Insecta/GenusSpecies/Ethmia/discostrigella/Ethmia-discostrigella-5911964.jpg,discostrigella
gs://bugoff-bucket1/hinton/Insecta/GenusSpecies/Ethmia/discostrigella/Ethmia-discostrigella-6243041.jpg,discostrigella
gs://bugoff-bucket1/hinton/Insecta/GenusSpecies/Ethmia/discostrigella/Ethmia-discostrigella-6460633.jpg,discostrigella
gs://bugoff-bucket1/hinton/Insecta/GenusSpecies/Ethmia/discostrigella/Ethmia-discostrigella-6498986.jpg,discostrigella
gs://bugoff-bucket1/hinton/Insecta/GenusSpecies/Ethmia/discostrigella/Ethmia-discostrigella-6499007.jpg,discostrigella
gs://bugoff-bucket1/hinton/Insecta/GenusSpecies/Ethmia/discostrigella/Ethmia-discostrigella-6798203.jpg,discostrigella
gs://bugoff-bucket1/hinton/Insecta/GenusSpecies/Ethmia/discostrigella/Ethmia-discostrigella-7846203.jpg,discostrigella
gs://bugoff-bucket1/hinton/Insecta/GenusSpecies/Ethmia/hagenella/Ethmia-hagenella-1653594.jpg,hagenella
gs://bugoff-bucket1/hinton/Insecta/GenusSpecies/Ethmia/hagenella/Ethmia-hagenella-1653596.jpg,hagenella
gs://bugoff-bucket1/hinton/Insecta/GenusSpecies/Ethmia/hagenella/Ethmia-hagenella-249686.jpg,hagenella
gs://bugoff-bucket1/hinton/Insecta/GenusSpecies/Ethmia/hagenella/Ethmia-hagenella-3385355.jpg,hagenella
gs://bugoff-bucket1/hinton/Insecta/GenusSpecies/Ethmia/hagenella/Ethmia-hagenella-3468879.jpg,hagenella
gs://bugoff-bucket1/hinton/Insecta/GenusSpecies/Ethmia/hagenella/Ethmia-hagenella-3562626.jpg,hagenella
gs://bugoff-bucket1/hinton/Insecta/GenusSpecies/Ethmia/hagenella/Ethmia-hagenella-3591016.jpg,hagenella
gs://bugoff-bucket1/hinton/Insecta/GenusSpecies/Ethmia/hagenella/Ethmia-hagenella-3631198.jpg,hagenella
gs://bugoff-bucket1/hinton/Insecta/GenusSpecies/Ethmia/hagenella/Ethmia-hagenella-4075126.jpg,hagenella
gs://bugoff-bucket1/hinton/Insecta/GenusSpecies/Ethmia/hagenella/Ethmia-hagenella-4816255.jpg,hagenella
gs://bugoff-bucket1/hinton/Insecta/GenusSpecies/Ethmia/hagenella/Ethmia-hagenella-4907806.jpg,hagenella
gs://bugoff-bucket1/hinton/Insecta/GenusSpecies/Ethmia/hagenella/Ethmia-hagenella-6036494.jpg,hagenella
gs://bugoff-bucket1/hinton/Insecta/GenusSpecies/Ethmia/hagenella/Ethmia-hagenella-6284669.jpg,hagenella
gs://bugoff-bucket1/hinton/Insecta/GenusSpecies/Ethmia/hagenella/Ethmia-hagenella-6286110.jpg,hagenella
gs://bugoff-bucket1/hinton/Insecta/GenusSpecies/Ethmia/hagenella/Ethmia-hagenella-6679844.jpg,hagenella
gs://bugoff-bucket1/hinton/Insecta/GenusSpecies/Ethmia/hammella/Ethmia-hammella-2987709.jpg,hammella
gs://bugoff-bucket1/hinton/Insecta/GenusSpecies/Ethmia/hodgesella/Ethmia-hodgesella-1091954.jpg,hodgesella
gs://bugoff-bucket1/hinton/Insecta/GenusSpecies/Ethmia/hodgesella/Ethmia-hodgesella-1091962.jpg,hodgesella
gs://bugoff-bucket1/hinton/Insecta/GenusSpecies/Ethmia/hodgesella/Ethmia-hodgesella-1102481.jpg,hodgesella
gs://bugoff-bucket1/hinton/Insecta/GenusSpecies/Ethmia/hodgesella/Ethmia-hodgesella-1102510.jpg,hodgesella
gs://bugoff-bucket1/hinton/Insecta/GenusSpecies/Ethmia/hodgesella/Ethmia-hodgesella-1362524.jpg,hodgesella
gs://bugoff-bucket1/hinton/Insecta/GenusSpecies/Ethmia/hodgesella/Ethmia-hodgesella-2033682.jpg,hodgesella
gs://bugoff-bucket1/hinton/Insecta/GenusSpecies/Ethmia/hodgesella/Ethmia-hodgesella-2081167.jpg,hodgesella
gs://bugoff-bucket1/hinton/Insecta/GenusSpecies/Ethmia/hodgesella/Ethmia-hodgesella-2081168.jpg,hodgesella
gs://bugoff-bucket1/hinton/Insecta/GenusSpecies/Ethmia/lineatonotella/Ethmia-lineatonotella-289910.jpg,lineatonotella
gs://bugoff-bucket1/hinton/Insecta/GenusSpecies/Ethmia/longimaculella/Ethmia-longimaculella-2951808.jpg,longimaculella
gs://bugoff-bucket1/hinton/Insecta/GenusSpecies/Ethmia/longimaculella/Ethmia-longimaculella-350573.jpg,longimaculella
gs://bugoff-bucket1/hinton/Insecta/GenusSpecies/Ethmia/longimaculella/Ethmia-longimaculella-4214903.jpg,longimaculella
gs://bugoff-bucket1/hinton/Insecta/GenusSpecies/Ethmia/longimaculella/Ethmia-longimaculella-4664542.jpg,longimaculella
gs://bugoff-bucket1/hinton/Insecta/GenusSpecies/Ethmia/longimaculella/Ethmia-longimaculella-6593494.jpg,longimaculella
gs://bugoff-bucket1/hinton/Insecta/GenusSpecies/Ethmia/longimaculella/Ethmia-longimaculella-6593495.jpg,longimaculella
gs://bugoff-bucket1/hinton/Insecta/GenusSpecies/Ethmia/longimaculella/Ethmia-longimaculella-6593496.jpg,longimaculella
gs://bugoff-bucket1/hinton/Insecta/GenusSpecies/Ethmia/longimaculella/Ethmia-longimaculella-6692695.jpg,longimaculella
gs://bugoff-bucket1/hinton/Insecta/GenusSpecies/Ethmia/longimaculella/Ethmia-longimaculella-6692696.jpg,longimaculella
gs://bugoff-bucket1/hinton/Insecta/GenusSpecies/Ethmia/marmorea/Ethmia-marmorea-2118151.jpg,marmorea
gs://bugoff-bucket1/hinton/Insecta/GenusSpecies/Ethmia/mirusella/Ethmia-mirusella-3720942.jpg,mirusella
gs://bugoff-bucket1/hinton/Insecta/GenusSpecies/Ethmia/mirusella/Ethmia-mirusella-4749964.jpg,mirusella
gs://bugoff-bucket1/hinton/Insecta/GenusSpecies/Ethmia/nigroapicella/Ethmia-nigroapicella-1407772.jpg,nigroapicella
gs://bugoff-bucket1/hinton/Insecta/GenusSpecies/Ethmia/nigroapicella/Ethmia-nigroapicella-7039314.jpg,nigroapicella
gs://bugoff-bucket1/hinton/Insecta/GenusSpecies/Ethmia/nivosella/Ethmia-nivosella-5844138.jpg,nivosella
gs://bugoff-bucket1/hinton/Insecta/GenusSpecies/Ethmia/notatella/Ethmia-notatella-5844140.jpg,notatella
gs://bugoff-bucket1/hinton/Insecta/GenusSpecies/Ethmia/plagiobothrae/Ethmia-plagiobothrae-6179788.jpg,plagiobothrae
gs://bugoff-bucket1/hinton/Insecta/GenusSpecies/Ethmia/plagiobothrae/Ethmia-plagiobothrae-6179791.jpg,plagiobothrae
gs://bugoff-bucket1/hinton/Insecta/GenusSpecies/Ethmia/prattiella/Ethmia-prattiella-4816257.jpg,prattiella
gs://bugoff-bucket1/hinton/Insecta/GenusSpecies/Ethmia/prattiella/Ethmia-prattiella-6364333.jpg,prattiella
gs://bugoff-bucket1/hinton/Insecta/GenusSpecies/Ethmia/prattiella/Ethmia-prattiella-6367118.jpg,prattiella
gs://bugoff-bucket1/hinton/Insecta/GenusSpecies/Ethmia/prattiella/Ethmia-prattiella-6460648.jpg,prattiella
gs://bugoff-bucket1/hinton/Insecta/GenusSpecies/Ethmia/prattiella/Ethmia-prattiella-7445017.jpg,prattiella
gs://bugoff-bucket1/hinton/Insecta/GenusSpecies/Ethmia/pusiella/Ethmia-pusiella-5873042.jpg,pusiella
gs://bugoff-bucket1/hinton/Insecta/GenusSpecies/Ethmia/sabiella/Ethmia-sabiella-1561801.jpg,sabiella
gs://bugoff-bucket1/hinton/Insecta/GenusSpecies/Ethmia/semilugens/Ethmia-semilugens-1653576.jpg,semilugens
gs://bugoff-bucket1/hinton/Insecta/GenusSpecies/Ethmia/semilugens/Ethmia-semilugens-1653583.jpg,semilugens
gs://bugoff-bucket1/hinton/Insecta/GenusSpecies/Ethmia/semilugens/Ethmia-semilugens-1659829.jpg,semilugens
gs://bugoff-bucket1/hinton/Insecta/GenusSpecies/Ethmia/semilugens/Ethmia-semilugens-279826.jpg,semilugens
gs://bugoff-bucket1/hinton/Insecta/GenusSpecies/Ethmia/semilugens/Ethmia-semilugens-2962302.jpg,semilugens
gs://bugoff-bucket1/hinton/Insecta/GenusSpecies/Ethmia/semilugens/Ethmia-semilugens-3004543.jpg,semilugens
gs://bugoff-bucket1/hinton/Insecta/GenusSpecies/Ethmia/semilugens/Ethmia-semilugens-3118013.jpg,semilugens
gs://bugoff-bucket1/hinton/Insecta/GenusSpecies/Ethmia/semilugens/Ethmia-semilugens-3184482.jpg,semilugens
gs://bugoff-bucket1/hinton/Insecta/GenusSpecies/Ethmia/semilugens/Ethmia-semilugens-3316140.jpg,semilugens
gs://bugoff-bucket1/hinton/Insecta/GenusSpecies/Ethmia/semilugens/Ethmia-semilugens-3347402.jpg,semilugens
gs://bugoff-bucket1/hinton/Insecta/GenusSpecies/Ethmia/semilugens/Ethmia-semilugens-4987102.jpg,semilugens
gs://bugoff-bucket1/hinton/Insecta/GenusSpecies/Ethmia/semilugens/Ethmia-semilugens-6134302.jpg,semilugens
gs://bugoff-bucket1/hinton/Insecta/GenusSpecies/Ethmia/semilugens/Ethmia-semilugens-6152510.jpg,semilugens
gs://bugoff-bucket1/hinton/Insecta/GenusSpecies/Ethmia/semilugens/Ethmia-semilugens-6166315.jpg,semilugens
gs://bugoff-bucket1/hinton/Insecta/GenusSpecies/Ethmia/semilugens/Ethmia-semilugens-6262341.jpg,semilugens
gs://bugoff-bucket1/hinton/Insecta/GenusSpecies/Ethmia/semilugens/Ethmia-semilugens-6409952.jpg,semilugens
gs://bugoff-bucket1/hinton/Insecta/GenusSpecies/Ethmia/semilugens/Ethmia-semilugens-6414538.jpg,semilugens
gs://bugoff-bucket1/hinton/Insecta/GenusSpecies/Ethmia/semilugens/Ethmia-semilugens-6470081.jpg,semilugens
gs://bugoff-bucket1/hinton/Insecta/GenusSpecies/Ethmia/semilugens/Ethmia-semilugens-6536933.jpg,semilugens
gs://bugoff-bucket1/hinton/Insecta/GenusSpecies/Ethmia/semilugens/Ethmia-semilugens-6662724.jpg,semilugens
gs://bugoff-bucket1/hinton/Insecta/GenusSpecies/Ethmia/semilugens/Ethmia-semilugens-6671167.jpg,semilugens
gs://bugoff-bucket1/hinton/Insecta/GenusSpecies/Ethmia/semilugens/Ethmia-semilugens-6671671.jpg,semilugens
gs://bugoff-bucket1/hinton/Insecta/GenusSpecies/Ethmia/semilugens/Ethmia-semilugens-6674501.jpg,semilugens
gs://bugoff-bucket1/hinton/Insecta/GenusSpecies/Ethmia/semilugens/Ethmia-semilugens-6724775.jpg,semilugens
gs://bugoff-bucket1/hinton/Insecta/GenusSpecies/Ethmia/semilugens/Ethmia-semilugens-6767744.jpg,semilugens
gs://bugoff-bucket1/hinton/Insecta/GenusSpecies/Ethmia/semilugens/Ethmia-semilugens-6796442.jpg,semilugens
gs://bugoff-bucket1/hinton/Insecta/GenusSpecies/Ethmia/semilugens/Ethmia-semilugens-6818375.jpg,semilugens
gs://bugoff-bucket1/hinton/Insecta/GenusSpecies/Ethmia/semilugens/Ethmia-semilugens-6833593.jpg,semilugens
gs://bugoff-bucket1/hinton/Insecta/GenusSpecies/Ethmia/semilugens/Ethmia-semilugens-6888765.jpg,semilugens
gs://bugoff-bucket1/hinton/Insecta/GenusSpecies/Ethmia/semilugens/Ethmia-semilugens-6965810.jpg,semilugens
gs://bugoff-bucket1/hinton/Insecta/GenusSpecies/Ethmia/semilugens/Ethmia-semilugens-7041071.jpg,semilugens
gs://bugoff-bucket1/hinton/Insecta/GenusSpecies/Ethmia/semilugens/Ethmia-semilugens-7043455.jpg,semilugens
gs://bugoff-bucket1/hinton/Insecta/GenusSpecies/Ethmia/semilugens/Ethmia-semilugens-7173789.jpg,semilugens
gs://bugoff-bucket1/hinton/Insecta/GenusSpecies/Ethmia/semilugens/Ethmia-semilugens-7492024.jpg,semilugens
gs://bugoff-bucket1/hinton/Insecta/GenusSpecies/Ethmia/semitenebrella/Ethmia-semitenebrella-1000265.jpg,semitenebrella
gs://bugoff-bucket1/hinton/Insecta/GenusSpecies/Ethmia/semitenebrella/Ethmia-semitenebrella-1056857.jpg,semitenebrella
gs://bugoff-bucket1/hinton/Insecta/GenusSpecies/Ethmia/semitenebrella/Ethmia-semitenebrella-1056858.jpg,semitenebrella
gs://bugoff-bucket1/hinton/Insecta/GenusSpecies/Ethmia/semitenebrella/Ethmia-semitenebrella-1059735.jpg,semitenebrella
gs://bugoff-bucket1/hinton/Insecta/GenusSpecies/Ethmia/semitenebrella/Ethmia-semitenebrella-1102469.jpg,semitenebrella
gs://bugoff-bucket1/hinton/Insecta/GenusSpecies/Ethmia/semitenebrella/Ethmia-semitenebrella-1114056.jpg,semitenebrella
gs://bugoff-bucket1/hinton/Insecta/GenusSpecies/Ethmia/semitenebrella/Ethmia-semitenebrella-1114061.jpg,semitenebrella
gs://bugoff-bucket1/hinton/Insecta/GenusSpecies/Ethmia/semitenebrella/Ethmia-semitenebrella-1114069.jpg,semitenebrella
gs://bugoff-bucket1/hinton/Insecta/GenusSpecies/Ethmia/semitenebrella/Ethmia-semitenebrella-1322944.jpg,semitenebrella
gs://bugoff-bucket1/hinton/Insecta/GenusSpecies/Ethmia/semitenebrella/Ethmia-semitenebrella-1426757.jpg,semitenebrella
gs://bugoff-bucket1/hinton/Insecta/GenusSpecies/Ethmia/semitenebrella/Ethmia-semitenebrella-1767439.jpg,semitenebrella
gs://bugoff-bucket1/hinton/Insecta/GenusSpecies/Ethmia/semitenebrella/Ethmia-semitenebrella-2033808.jpg,semitenebrella
gs://bugoff-bucket1/hinton/Insecta/GenusSpecies/Ethmia/semitenebrella/Ethmia-semitenebrella-2081162.jpg,semitenebrella
gs://bugoff-bucket1/hinton/Insecta/GenusSpecies/Ethmia/semitenebrella/Ethmia-semitenebrella-2226048.jpg,semitenebrella
gs://bugoff-bucket1/hinton/Insecta/GenusSpecies/Ethmia/semitenebrella/Ethmia-semitenebrella-2259251.jpg,semitenebrella
gs://bugoff-bucket1/hinton/Insecta/GenusSpecies/Ethmia/semitenebrella/Ethmia-semitenebrella-2259256.jpg,semitenebrella
gs://bugoff-bucket1/hinton/Insecta/GenusSpecies/Ethmia/semitenebrella/Ethmia-semitenebrella-2259450.jpg,semitenebrella
gs://bugoff-bucket1/hinton/Insecta/GenusSpecies/Ethmia/semitenebrella/Ethmia-semitenebrella-2273343.jpg,semitenebrella
gs://bugoff-bucket1/hinton/Insecta/GenusSpecies/Ethmia/semitenebrella/Ethmia-semitenebrella-2281021.jpg,semitenebrella
gs://bugoff-bucket1/hinton/Insecta/GenusSpecies/Ethmia/semitenebrella/Ethmia-semitenebrella-2387263.jpg,semitenebrella
gs://bugoff-bucket1/hinton/Insecta/GenusSpecies/Ethmia/semitenebrella/Ethmia-semitenebrella-2387528.jpg,semitenebrella
gs://bugoff-bucket1/hinton/Insecta/GenusSpecies/Ethmia/semitenebrella/Ethmia-semitenebrella-2848534.jpg,semitenebrella
gs://bugoff-bucket1/hinton/Insecta/GenusSpecies/Ethmia/semitenebrella/Ethmia-semitenebrella-3943246.jpg,semitenebrella
gs://bugoff-bucket1/hinton/Insecta/GenusSpecies/Ethmia/semitenebrella/Ethmia-semitenebrella-3955000.jpg,semitenebrella
gs://bugoff-bucket1/hinton/Insecta/GenusSpecies/Ethmia/semitenebrella/Ethmia-semitenebrella-5121890.jpg,semitenebrella
gs://bugoff-bucket1/hinton/Insecta/GenusSpecies/Ethmia/semitenebrella/Ethmia-semitenebrella-5457606.jpg,semitenebrella
gs://bugoff-bucket1/hinton/Insecta/GenusSpecies/Ethmia/semitenebrella/Ethmia-semitenebrella-5457765.jpg,semitenebrella
gs://bugoff-bucket1/hinton/Insecta/GenusSpecies/Ethmia/semitenebrella/Ethmia-semitenebrella-6608799.jpg,semitenebrella
gs://bugoff-bucket1/hinton/Insecta/GenusSpecies/Ethmia/semitenebrella/Ethmia-semitenebrella-7832526.jpg,semitenebrella
gs://bugoff-bucket1/hinton/Insecta/GenusSpecies/Ethmia/sphaerosticha/Ethmia-sphaerosticha-3360035.jpg,sphaerosticha
gs://bugoff-bucket1/hinton/Insecta/GenusSpecies/Ethmia/sphaerosticha/Ethmia-sphaerosticha-3614062.jpg,sphaerosticha
gs://bugoff-bucket1/hinton/Insecta/GenusSpecies/Ethmia/sphaerosticha/Ethmia-sphaerosticha-3907296.jpg,sphaerosticha
gs://bugoff-bucket1/hinton/Insecta/GenusSpecies/Ethmia/sphaerosticha/Ethmia-sphaerosticha-5399846.jpg,sphaerosticha
gs://bugoff-bucket1/hinton/Insecta/GenusSpecies/Ethmia/sphaerosticha/Ethmia-sphaerosticha-5427624.jpg,sphaerosticha
gs://bugoff-bucket1/hinton/Insecta/GenusSpecies/Ethmia/sphaerosticha/Ethmia-sphaerosticha-5911651.jpg,sphaerosticha
gs://bugoff-bucket1/hinton/Insecta/GenusSpecies/Ethmia/sphaerosticha/Ethmia-sphaerosticha-6067229.jpg,sphaerosticha
gs://bugoff-bucket1/hinton/Insecta/GenusSpecies/Ethmia/submissa/Ethmia-submissa-7859290.jpg,submissa
gs://bugoff-bucket1/hinton/Insecta/GenusSpecies/Ethmia/terminella/Ethmia-terminella-2065041.jpg,terminella
gs://bugoff-bucket1/hinton/Insecta/GenusSpecies/Ethmia/terminella/Ethmia-terminella-2169073.jpg,terminella
gs://bugoff-bucket1/hinton/Insecta/GenusSpecies/Ethmia/terminella/Ethmia-terminella-2208121.jpg,terminella
gs://bugoff-bucket1/hinton/Insecta/GenusSpecies/Ethmia/terminella/Ethmia-terminella-2208122.jpg,terminella
gs://bugoff-bucket1/hinton/Insecta/GenusSpecies/Ethmia/terminella/Ethmia-terminella-7502259.jpg,terminella
gs://bugoff-bucket1/hinton/Insecta/GenusSpecies/Ethmia/terpnota/Ethmia-terpnota-2982733.jpg,terpnota
gs://bugoff-bucket1/hinton/Insecta/GenusSpecies/Ethmia/trifida/Ethmia-trifida-5608380.jpg,trifida
gs://bugoff-bucket1/hinton/Insecta/GenusSpecies/Ethmia/trifurcella/Ethmia-trifurcella-6465232.jpg,trifurcella
gs://bugoff-bucket1/hinton/Insecta/GenusSpecies/Ethmia/trifurcella/Ethmia-trifurcella-6766939.jpg,trifurcella
gs://bugoff-bucket1/hinton/Insecta/GenusSpecies/Ethmia/trifurcella/Ethmia-trifurcella-7665110.jpg,trifurcella
gs://bugoff-bucket1/hinton/Insecta/GenusSpecies/Ethmia/vulgare/Ethmia-vulgare-6645929.jpg,vulgare
gs://bugoff-bucket1/hinton/Insecta/GenusSpecies/Ethmia/vulgare/Ethmia-vulgare-6645958.jpg,vulgare
gs://bugoff-bucket1/hinton/Insecta/GenusSpecies/Ethmia/vulgare/Ethmia-vulgare-7970563.jpg,vulgare
gs://bugoff-bucket1/hinton/Insecta/GenusSpecies/Ethmia/zelleriella/Ethmia-zelleriella-1473494.jpg,zelleriella
gs://bugoff-bucket1/hinton/Insecta/GenusSpecies/Ethmia/zelleriella/Ethmia-zelleriella-1707824.jpg,zelleriella
gs://bugoff-bucket1/hinton/Insecta/GenusSpecies/Ethmia/zelleriella/Ethmia-zelleriella-1816152.jpg,zelleriella
gs://bugoff-bucket1/hinton/Insecta/GenusSpecies/Ethmia/zelleriella/Ethmia-zelleriella-2195834.jpg,zelleriella
gs://bugoff-bucket1/hinton/Insecta/GenusSpecies/Ethmia/zelleriella/Ethmia-zelleriella-252769.jpg,zelleriella
gs://bugoff-bucket1/hinton/Insecta/GenusSpecies/Ethmia/zelleriella/Ethmia-zelleriella-3053603.jpg,zelleriella
gs://bugoff-bucket1/hinton/Insecta/GenusSpecies/Ethmia/zelleriella/Ethmia-zelleriella-3214317.jpg,zelleriella
gs://bugoff-bucket1/hinton/Insecta/GenusSpecies/Ethmia/zelleriella/Ethmia-zelleriella-3285491.jpg,zelleriella
gs://bugoff-bucket1/hinton/Insecta/GenusSpecies/Ethmia/zelleriella/Ethmia-zelleriella-3431385.jpg,zelleriella
gs://bugoff-bucket1/hinton/Insecta/GenusSpecies/Ethmia/zelleriella/Ethmia-zelleriella-3996150.jpg,zelleriella
gs://bugoff-bucket1/hinton/Insecta/GenusSpecies/Ethmia/zelleriella/Ethmia-zelleriella-4359444.jpg,zelleriella
gs://bugoff-bucket1/hinton/Insecta/GenusSpecies/Ethmia/zelleriella/Ethmia-zelleriella-5070766.jpg,zelleriella
gs://bugoff-bucket1/hinton/Insecta/GenusSpecies/Ethmia/zelleriella/Ethmia-zelleriella-5500651.jpg,zelleriella
gs://bugoff-bucket1/hinton/Insecta/GenusSpecies/Ethmia/zelleriella/Ethmia-zelleriella-6421492.jpg,zelleriella
gs://bugoff-bucket1/hinton/Insecta/GenusSpecies/Ethmia/zelleriella/Ethmia-zelleriella-6463072.jpg,zelleriella
gs://bugoff-bucket1/hinton/Insecta/GenusSpecies/Ethmia/zelleriella/Ethmia-zelleriella-661787.jpg,zelleriella
gs://bugoff-bucket1/hinton/Insecta/GenusSpecies/Ethmia/zelleriella/Ethmia-zelleriella-697056.jpg,zelleriella
gs://bugoff-bucket1/hinton/Insecta/GenusSpecies/Ethmia/zelleriella/Ethmia-zelleriella-709676.jpg,zelleriella
gs://bugoff-bucket1/hinton/Insecta/GenusSpecies/Ethmia/zelleriella/Ethmia-zelleriella-7314076.jpg,zelleriella
gs://bugoff-bucket1/hinton/Insecta/GenusSpecies/Ethmia/zelleriella/Ethmia-zelleriella-7326801.jpg,zelleriella
gs://bugoff-bucket1/hinton/Insecta/GenusSpecies/Ethmia/zelleriella/Ethmia-zelleriella-7424653.jpg,zelleriella
