gs://bugoff-bucket1/hinton/Insecta/GenusSpecies/Agraylea/multipunctata/Agraylea-multipunctata-2031216.jpg,Hydroptilidae
gs://bugoff-bucket1/hinton/Insecta/GenusSpecies/Agraylea/multipunctata/Agraylea-multipunctata-2645906.jpg,Hydroptilidae
gs://bugoff-bucket1/hinton/Insecta/GenusSpecies/Agraylea/multipunctata/Agraylea-multipunctata-4540385.jpg,Hydroptilidae
gs://bugoff-bucket1/hinton/Insecta/GenusSpecies/Agraylea/multipunctata/Agraylea-multipunctata-4703571.jpg,Hydroptilidae
gs://bugoff-bucket1/hinton/Insecta/GenusSpecies/Agraylea/multipunctata/Agraylea-multipunctata-4783380.jpg,Hydroptilidae
gs://bugoff-bucket1/hinton/Insecta/GenusSpecies/Agraylea/multipunctata/Agraylea-multipunctata-6943067.jpg,Hydroptilidae
gs://bugoff-bucket1/hinton/Insecta/GenusSpecies/Agraylea/multipunctata/Agraylea-multipunctata-7593954.jpg,Hydroptilidae
gs://bugoff-bucket1/hinton/Insecta/GenusSpecies/Agraylea/multipunctata/Agraylea-multipunctata-7658207.jpg,Hydroptilidae
gs://bugoff-bucket1/hinton/Insecta/GenusSpecies/Agrypnia/varia/Agrypnia-varia-4601527.jpg,Phryganeidae
gs://bugoff-bucket1/hinton/Insecta/GenusSpecies/Agrypnia/vestita/Agrypnia-vestita-2178543.jpg,Phryganeidae
gs://bugoff-bucket1/hinton/Insecta/GenusSpecies/Agrypnia/vestita/Agrypnia-vestita-2601734.jpg,Phryganeidae
gs://bugoff-bucket1/hinton/Insecta/GenusSpecies/Agrypnia/vestita/Agrypnia-vestita-2633800.jpg,Phryganeidae
gs://bugoff-bucket1/hinton/Insecta/GenusSpecies/Agrypnia/vestita/Agrypnia-vestita-4774398.jpg,Phryganeidae
gs://bugoff-bucket1/hinton/Insecta/GenusSpecies/Agrypnia/vestita/Agrypnia-vestita-5174118.jpg,Phryganeidae
gs://bugoff-bucket1/hinton/Insecta/GenusSpecies/Agrypnia/vestita/Agrypnia-vestita-5806192.jpg,Phryganeidae
gs://bugoff-bucket1/hinton/Insecta/GenusSpecies/Agrypnia/vestita/Agrypnia-vestita-5806276.jpg,Phryganeidae
gs://bugoff-bucket1/hinton/Insecta/GenusSpecies/Amiocentrus/aspilus/Amiocentrus-aspilus-1556336.jpg,Brachycentridae
gs://bugoff-bucket1/hinton/Insecta/GenusSpecies/Banksiola/concatenata/Banksiola-concatenata-6794262.jpg,Phryganeidae
gs://bugoff-bucket1/hinton/Insecta/GenusSpecies/Banksiola/crotchi/Banksiola-crotchi-5786243.jpg,Phryganeidae
gs://bugoff-bucket1/hinton/Insecta/GenusSpecies/Banksiola/crotchi/Banksiola-crotchi-6322525.jpg,Phryganeidae
gs://bugoff-bucket1/hinton/Insecta/GenusSpecies/Banksiola/dossuaria/Banksiola-dossuaria-4763790.jpg,Phryganeidae
gs://bugoff-bucket1/hinton/Insecta/GenusSpecies/Banksiola/dossuaria/Banksiola-dossuaria-5786241.jpg,Phryganeidae
gs://bugoff-bucket1/hinton/Insecta/GenusSpecies/Banksiola/dossuaria/Banksiola-dossuaria-5786247.jpg,Phryganeidae
gs://bugoff-bucket1/hinton/Insecta/GenusSpecies/Banksiola/dossuaria/Banksiola-dossuaria-5786256.jpg,Phryganeidae
gs://bugoff-bucket1/hinton/Insecta/GenusSpecies/Banksiola/dossuaria/Banksiola-dossuaria-6704609.jpg,Phryganeidae
gs://bugoff-bucket1/hinton/Insecta/GenusSpecies/Banksiola/dossuaria/Banksiola-dossuaria-6844573.jpg,Phryganeidae
gs://bugoff-bucket1/hinton/Insecta/GenusSpecies/Ceraclea/maculata/Ceraclea-maculata-6321889.jpg,Leptoceridae
gs://bugoff-bucket1/hinton/Insecta/GenusSpecies/Ceraclea/resurgens/Ceraclea-resurgens-2086951.jpg,Leptoceridae
gs://bugoff-bucket1/hinton/Insecta/GenusSpecies/Ceraclea/resurgens/Ceraclea-resurgens-2496283.jpg,Leptoceridae
gs://bugoff-bucket1/hinton/Insecta/GenusSpecies/Ceraclea/slossonae/Ceraclea-slossonae-5786265.jpg,Leptoceridae
gs://bugoff-bucket1/hinton/Insecta/GenusSpecies/Ceraclea/slossonae/Ceraclea-slossonae-5786441.jpg,Leptoceridae
gs://bugoff-bucket1/hinton/Insecta/GenusSpecies/Ceraclea/tarsipunctata/Ceraclea-tarsipunctata-6321872.jpg,Leptoceridae
gs://bugoff-bucket1/hinton/Insecta/GenusSpecies/Ceraclea/transversa/Ceraclea-transversa-4763794.jpg,Leptoceridae
gs://bugoff-bucket1/hinton/Insecta/GenusSpecies/Cernotina/spicata/Cernotina-spicata-6322267.jpg,Polycentropodidae
gs://bugoff-bucket1/hinton/Insecta/GenusSpecies/Chimarra/marginata/Chimarra-marginata-2027902.jpg,Philopotamidae
gs://bugoff-bucket1/hinton/Insecta/GenusSpecies/Chimarra/nervosa/Chimarra-nervosa-2024173.jpg,Philopotamidae
gs://bugoff-bucket1/hinton/Insecta/GenusSpecies/Chimarra/obscura/Chimarra-obscura-6322471.jpg,Philopotamidae
gs://bugoff-bucket1/hinton/Insecta/GenusSpecies/Chimarra/texana/Chimarra-texana-6738280.jpg,Philopotamidae
gs://bugoff-bucket1/hinton/Insecta/GenusSpecies/Chimarra/texana/Chimarra-texana-7465143.jpg,Philopotamidae
gs://bugoff-bucket1/hinton/Insecta/GenusSpecies/Clostoeca/disjuncta/Clostoeca-disjuncta-1263024.jpg,Limnephilidae
gs://bugoff-bucket1/hinton/Insecta/GenusSpecies/Dicosmoecus/gilvipes/Dicosmoecus-gilvipes-281073.jpg,Limnephilidae
gs://bugoff-bucket1/hinton/Insecta/GenusSpecies/Diplectrona/felix/Diplectrona-felix-1954932.jpg,Hydropsychidae
gs://bugoff-bucket1/hinton/Insecta/GenusSpecies/Diplectrona/modesta/Diplectrona-modesta-2025862.jpg,Hydropsychidae
gs://bugoff-bucket1/hinton/Insecta/GenusSpecies/Dolophilodes/distinctus/Dolophilodes-distinctus-6322194.jpg,Philopotamidae
gs://bugoff-bucket1/hinton/Insecta/GenusSpecies/Frenesia/difficilis/Frenesia-difficilis-1380077.jpg,Limnephilidae
gs://bugoff-bucket1/hinton/Insecta/GenusSpecies/Frenesia/difficilis/Frenesia-difficilis-5256415.jpg,Limnephilidae
gs://bugoff-bucket1/hinton/Insecta/GenusSpecies/Frenesia/missa/Frenesia-missa-1412665.jpg,Limnephilidae
gs://bugoff-bucket1/hinton/Insecta/GenusSpecies/Frenesia/missa/Frenesia-missa-1417314.jpg,Limnephilidae
gs://bugoff-bucket1/hinton/Insecta/GenusSpecies/Glyphopsyche/irrorata/Glyphopsyche-irrorata-3687649.jpg,Limnephilidae
gs://bugoff-bucket1/hinton/Insecta/GenusSpecies/Gumaga/griseola/Gumaga-griseola-3943323.jpg,Sericostomatidae
gs://bugoff-bucket1/hinton/Insecta/GenusSpecies/Gumaga/griseola/Gumaga-griseola-3943324.jpg,Sericostomatidae
gs://bugoff-bucket1/hinton/Insecta/GenusSpecies/Halesochila/taylori/Halesochila-taylori-3291919.jpg,Limnephilidae
gs://bugoff-bucket1/hinton/Insecta/GenusSpecies/Halesochila/taylori/Halesochila-taylori-4315115.jpg,Limnephilidae
gs://bugoff-bucket1/hinton/Insecta/GenusSpecies/Helicopsyche/albescens/Helicopsyche-albescens-6056718.jpg,Helicopsychidae
gs://bugoff-bucket1/hinton/Insecta/GenusSpecies/Helicopsyche/borealis/Helicopsyche-borealis-5432259.jpg,Helicopsychidae
gs://bugoff-bucket1/hinton/Insecta/GenusSpecies/Helicopsyche/mexicana/Helicopsyche-mexicana-6482123.jpg,Helicopsychidae
gs://bugoff-bucket1/hinton/Insecta/GenusSpecies/Hydatophylax/argus/Hydatophylax-argus-1646639.jpg,Limnephilidae
gs://bugoff-bucket1/hinton/Insecta/GenusSpecies/Hydatophylax/argus/Hydatophylax-argus-1981330.jpg,Limnephilidae
gs://bugoff-bucket1/hinton/Insecta/GenusSpecies/Hydatophylax/argus/Hydatophylax-argus-3945435.jpg,Limnephilidae
gs://bugoff-bucket1/hinton/Insecta/GenusSpecies/Hydatophylax/argus/Hydatophylax-argus-4015929.jpg,Limnephilidae
gs://bugoff-bucket1/hinton/Insecta/GenusSpecies/Hydatophylax/argus/Hydatophylax-argus-4025679.jpg,Limnephilidae
gs://bugoff-bucket1/hinton/Insecta/GenusSpecies/Hydatophylax/argus/Hydatophylax-argus-4060089.jpg,Limnephilidae
gs://bugoff-bucket1/hinton/Insecta/GenusSpecies/Hydatophylax/argus/Hydatophylax-argus-4164024.jpg,Limnephilidae
gs://bugoff-bucket1/hinton/Insecta/GenusSpecies/Hydatophylax/argus/Hydatophylax-argus-4207755.jpg,Limnephilidae
gs://bugoff-bucket1/hinton/Insecta/GenusSpecies/Hydatophylax/argus/Hydatophylax-argus-4278536.jpg,Limnephilidae
gs://bugoff-bucket1/hinton/Insecta/GenusSpecies/Hydatophylax/argus/Hydatophylax-argus-7985363.jpg,Limnephilidae
gs://bugoff-bucket1/hinton/Insecta/GenusSpecies/Hydatophylax/formosus/Hydatophylax-formosus-5002639.jpg,Limnephilidae
gs://bugoff-bucket1/hinton/Insecta/GenusSpecies/Hydatophylax/formosus/Hydatophylax-formosus-5004867.jpg,Limnephilidae
gs://bugoff-bucket1/hinton/Insecta/GenusSpecies/Hydropsyche/aenigma/Hydropsyche-aenigma-6072334.jpg,Hydropsychidae
gs://bugoff-bucket1/hinton/Insecta/GenusSpecies/Hydropsyche/aenigma/Hydropsyche-aenigma-6072337.jpg,Hydropsychidae
gs://bugoff-bucket1/hinton/Insecta/GenusSpecies/Hydropsyche/contubernalis/Hydropsyche-contubernalis-2027942.jpg,Hydropsychidae
gs://bugoff-bucket1/hinton/Insecta/GenusSpecies/Hydropsyche/orientalis/Hydropsyche-orientalis-1073013.jpg,Hydropsychidae
gs://bugoff-bucket1/hinton/Insecta/GenusSpecies/Lepidostoma/hirtum/Lepidostoma-hirtum-1124525.jpg,Lepidostomatidae
gs://bugoff-bucket1/hinton/Insecta/GenusSpecies/Lepidostoma/hirtum/Lepidostoma-hirtum-261921.jpg,Lepidostomatidae
gs://bugoff-bucket1/hinton/Insecta/GenusSpecies/Leptocerus/americanus/Leptocerus-americanus-663638.jpg,Leptoceridae
gs://bugoff-bucket1/hinton/Insecta/GenusSpecies/Limnephilus/binotatus/Limnephilus-binotatus-1835174.jpg,Limnephilidae
gs://bugoff-bucket1/hinton/Insecta/GenusSpecies/Limnephilus/binotatus/Limnephilus-binotatus-1835181.jpg,Limnephilidae
gs://bugoff-bucket1/hinton/Insecta/GenusSpecies/Limnephilus/binotatus/Limnephilus-binotatus-1835185.jpg,Limnephilidae
gs://bugoff-bucket1/hinton/Insecta/GenusSpecies/Limnephilus/binotatus/Limnephilus-binotatus-1835196.jpg,Limnephilidae
gs://bugoff-bucket1/hinton/Insecta/GenusSpecies/Limnephilus/binotatus/Limnephilus-binotatus-1835201.jpg,Limnephilidae
gs://bugoff-bucket1/hinton/Insecta/GenusSpecies/Limnephilus/binotatus/Limnephilus-binotatus-1846699.jpg,Limnephilidae
gs://bugoff-bucket1/hinton/Insecta/GenusSpecies/Limnephilus/binotatus/Limnephilus-binotatus-1909329.jpg,Limnephilidae
gs://bugoff-bucket1/hinton/Insecta/GenusSpecies/Limnephilus/binotatus/Limnephilus-binotatus-1957412.jpg,Limnephilidae
gs://bugoff-bucket1/hinton/Insecta/GenusSpecies/Limnephilus/binotatus/Limnephilus-binotatus-1989224.jpg,Limnephilidae
gs://bugoff-bucket1/hinton/Insecta/GenusSpecies/Limnephilus/binotatus/Limnephilus-binotatus-2016945.jpg,Limnephilidae
gs://bugoff-bucket1/hinton/Insecta/GenusSpecies/Limnephilus/binotatus/Limnephilus-binotatus-2162076.jpg,Limnephilidae
gs://bugoff-bucket1/hinton/Insecta/GenusSpecies/Limnephilus/borealis/Limnephilus-borealis-6358967.jpg,Limnephilidae
gs://bugoff-bucket1/hinton/Insecta/GenusSpecies/Limnephilus/flavicornis/Limnephilus-flavicornis-4870832.jpg,Limnephilidae
gs://bugoff-bucket1/hinton/Insecta/GenusSpecies/Limnephilus/griseus/Limnephilus-griseus-1835173.jpg,Limnephilidae
gs://bugoff-bucket1/hinton/Insecta/GenusSpecies/Limnephilus/indivisus/Limnephilus-indivisus-5806274.jpg,Limnephilidae
gs://bugoff-bucket1/hinton/Insecta/GenusSpecies/Limnephilus/lunatus/Limnephilus-lunatus-1315779.jpg,Limnephilidae
gs://bugoff-bucket1/hinton/Insecta/GenusSpecies/Limnephilus/lunatus/Limnephilus-lunatus-1318477.jpg,Limnephilidae
gs://bugoff-bucket1/hinton/Insecta/GenusSpecies/Limnephilus/lunatus/Limnephilus-lunatus-2027951.jpg,Limnephilidae
gs://bugoff-bucket1/hinton/Insecta/GenusSpecies/Limnephilus/lunatus/Limnephilus-lunatus-2471092.jpg,Limnephilidae
gs://bugoff-bucket1/hinton/Insecta/GenusSpecies/Limnephilus/lunatus/Limnephilus-lunatus-4601965.jpg,Limnephilidae
gs://bugoff-bucket1/hinton/Insecta/GenusSpecies/Limnephilus/lunatus/Limnephilus-lunatus-4777761.jpg,Limnephilidae
gs://bugoff-bucket1/hinton/Insecta/GenusSpecies/Limnephilus/lunatus/Limnephilus-lunatus-5422817.jpg,Limnephilidae
gs://bugoff-bucket1/hinton/Insecta/GenusSpecies/Limnephilus/marmoratus/Limnephilus-marmoratus-4642829.jpg,Limnephilidae
gs://bugoff-bucket1/hinton/Insecta/GenusSpecies/Limnephilus/marmoratus/Limnephilus-marmoratus-5873667.jpg,Limnephilidae
gs://bugoff-bucket1/hinton/Insecta/GenusSpecies/Limnephilus/ornatus/Limnephilus-ornatus-5786239.jpg,Limnephilidae
gs://bugoff-bucket1/hinton/Insecta/GenusSpecies/Limnephilus/ornatus/Limnephilus-ornatus-5786257.jpg,Limnephilidae
gs://bugoff-bucket1/hinton/Insecta/GenusSpecies/Limnephilus/ornatus/Limnephilus-ornatus-5786280.jpg,Limnephilidae
gs://bugoff-bucket1/hinton/Insecta/GenusSpecies/Limnephilus/rhombicus/Limnephilus-rhombicus-2496282.jpg,Limnephilidae
gs://bugoff-bucket1/hinton/Insecta/GenusSpecies/Limnephilus/sericeus/Limnephilus-sericeus-5806209.jpg,Limnephilidae
gs://bugoff-bucket1/hinton/Insecta/GenusSpecies/Limnephilus/vittatus/Limnephilus-vittatus-1139132.jpg,Limnephilidae
gs://bugoff-bucket1/hinton/Insecta/GenusSpecies/Limnephilus/vittatus/Limnephilus-vittatus-1966088.jpg,Limnephilidae
gs://bugoff-bucket1/hinton/Insecta/GenusSpecies/Macrostemum/carolina/Macrostemum-carolina-5256224.jpg,Hydropsychidae
gs://bugoff-bucket1/hinton/Insecta/GenusSpecies/Macrostemum/carolina/Macrostemum-carolina-5258308.jpg,Hydropsychidae
gs://bugoff-bucket1/hinton/Insecta/GenusSpecies/Macrostemum/carolina/Macrostemum-carolina-5261161.jpg,Hydropsychidae
gs://bugoff-bucket1/hinton/Insecta/GenusSpecies/Macrostemum/carolina/Macrostemum-carolina-5265970.jpg,Hydropsychidae
gs://bugoff-bucket1/hinton/Insecta/GenusSpecies/Macrostemum/carolina/Macrostemum-carolina-5276590.jpg,Hydropsychidae
gs://bugoff-bucket1/hinton/Insecta/GenusSpecies/Macrostemum/carolina/Macrostemum-carolina-5284732.jpg,Hydropsychidae
gs://bugoff-bucket1/hinton/Insecta/GenusSpecies/Macrostemum/carolina/Macrostemum-carolina-5322017.jpg,Hydropsychidae
gs://bugoff-bucket1/hinton/Insecta/GenusSpecies/Macrostemum/carolina/Macrostemum-carolina-5461295.jpg,Hydropsychidae
gs://bugoff-bucket1/hinton/Insecta/GenusSpecies/Macrostemum/zebratum/Macrostemum-zebratum-1004905.jpg,Hydropsychidae
gs://bugoff-bucket1/hinton/Insecta/GenusSpecies/Macrostemum/zebratum/Macrostemum-zebratum-1011062.jpg,Hydropsychidae
gs://bugoff-bucket1/hinton/Insecta/GenusSpecies/Macrostemum/zebratum/Macrostemum-zebratum-1559176.jpg,Hydropsychidae
gs://bugoff-bucket1/hinton/Insecta/GenusSpecies/Macrostemum/zebratum/Macrostemum-zebratum-1975433.jpg,Hydropsychidae
gs://bugoff-bucket1/hinton/Insecta/GenusSpecies/Macrostemum/zebratum/Macrostemum-zebratum-2005391.jpg,Hydropsychidae
gs://bugoff-bucket1/hinton/Insecta/GenusSpecies/Macrostemum/zebratum/Macrostemum-zebratum-2214961.jpg,Hydropsychidae
gs://bugoff-bucket1/hinton/Insecta/GenusSpecies/Macrostemum/zebratum/Macrostemum-zebratum-2252693.jpg,Hydropsychidae
gs://bugoff-bucket1/hinton/Insecta/GenusSpecies/Macrostemum/zebratum/Macrostemum-zebratum-3810218.jpg,Hydropsychidae
gs://bugoff-bucket1/hinton/Insecta/GenusSpecies/Macrostemum/zebratum/Macrostemum-zebratum-3974682.jpg,Hydropsychidae
gs://bugoff-bucket1/hinton/Insecta/GenusSpecies/Macrostemum/zebratum/Macrostemum-zebratum-4204402.jpg,Hydropsychidae
gs://bugoff-bucket1/hinton/Insecta/GenusSpecies/Macrostemum/zebratum/Macrostemum-zebratum-4211356.jpg,Hydropsychidae
gs://bugoff-bucket1/hinton/Insecta/GenusSpecies/Macrostemum/zebratum/Macrostemum-zebratum-4453181.jpg,Hydropsychidae
gs://bugoff-bucket1/hinton/Insecta/GenusSpecies/Macrostemum/zebratum/Macrostemum-zebratum-4454657.jpg,Hydropsychidae
gs://bugoff-bucket1/hinton/Insecta/GenusSpecies/Macrostemum/zebratum/Macrostemum-zebratum-446973.jpg,Hydropsychidae
gs://bugoff-bucket1/hinton/Insecta/GenusSpecies/Macrostemum/zebratum/Macrostemum-zebratum-4481305.jpg,Hydropsychidae
gs://bugoff-bucket1/hinton/Insecta/GenusSpecies/Macrostemum/zebratum/Macrostemum-zebratum-4602643.jpg,Hydropsychidae
gs://bugoff-bucket1/hinton/Insecta/GenusSpecies/Macrostemum/zebratum/Macrostemum-zebratum-5973264.jpg,Hydropsychidae
gs://bugoff-bucket1/hinton/Insecta/GenusSpecies/Macrostemum/zebratum/Macrostemum-zebratum-5986725.jpg,Hydropsychidae
gs://bugoff-bucket1/hinton/Insecta/GenusSpecies/Macrostemum/zebratum/Macrostemum-zebratum-6821311.jpg,Hydropsychidae
gs://bugoff-bucket1/hinton/Insecta/GenusSpecies/Molanna/angustata/Molanna-angustata-5873618.jpg,Molannidae
gs://bugoff-bucket1/hinton/Insecta/GenusSpecies/Molanna/ulmerina/Molanna-ulmerina-6322422.jpg,Molannidae
gs://bugoff-bucket1/hinton/Insecta/GenusSpecies/Mystacides/azurea/Mystacides-azurea-2027770.jpg,Leptoceridae
gs://bugoff-bucket1/hinton/Insecta/GenusSpecies/Mystacides/azureus/Mystacides-azureus-1503709.jpg,Leptoceridae
gs://bugoff-bucket1/hinton/Insecta/GenusSpecies/Mystacides/azureus/Mystacides-azureus-4960985.jpg,Leptoceridae
gs://bugoff-bucket1/hinton/Insecta/GenusSpecies/Mystacides/interjectus/Mystacides-interjectus-2719550.jpg,Leptoceridae
gs://bugoff-bucket1/hinton/Insecta/GenusSpecies/Mystacides/interjectus/Mystacides-interjectus-5636925.jpg,Leptoceridae
gs://bugoff-bucket1/hinton/Insecta/GenusSpecies/Mystacides/longicornis/Mystacides-longicornis-1076564.jpg,Leptoceridae
gs://bugoff-bucket1/hinton/Insecta/GenusSpecies/Mystacides/longicornis/Mystacides-longicornis-2136271.jpg,Leptoceridae
gs://bugoff-bucket1/hinton/Insecta/GenusSpecies/Mystacides/longicornis/Mystacides-longicornis-2790951.jpg,Leptoceridae
gs://bugoff-bucket1/hinton/Insecta/GenusSpecies/Mystacides/longicornis/Mystacides-longicornis-2909750.jpg,Leptoceridae
gs://bugoff-bucket1/hinton/Insecta/GenusSpecies/Mystacides/longicornis/Mystacides-longicornis-3837128.jpg,Leptoceridae
gs://bugoff-bucket1/hinton/Insecta/GenusSpecies/Mystacides/longicornis/Mystacides-longicornis-4607974.jpg,Leptoceridae
gs://bugoff-bucket1/hinton/Insecta/GenusSpecies/Mystacides/longicornis/Mystacides-longicornis-4642811.jpg,Leptoceridae
gs://bugoff-bucket1/hinton/Insecta/GenusSpecies/Mystacides/longicornis/Mystacides-longicornis-482850.jpg,Leptoceridae
gs://bugoff-bucket1/hinton/Insecta/GenusSpecies/Mystacides/longicornis/Mystacides-longicornis-6036031.jpg,Leptoceridae
gs://bugoff-bucket1/hinton/Insecta/GenusSpecies/Mystacides/sepulchralis/Mystacides-sepulchralis-1005439.jpg,Leptoceridae
gs://bugoff-bucket1/hinton/Insecta/GenusSpecies/Mystacides/sepulchralis/Mystacides-sepulchralis-1022015.jpg,Leptoceridae
gs://bugoff-bucket1/hinton/Insecta/GenusSpecies/Mystacides/sepulchralis/Mystacides-sepulchralis-1026402.jpg,Leptoceridae
gs://bugoff-bucket1/hinton/Insecta/GenusSpecies/Mystacides/sepulchralis/Mystacides-sepulchralis-1041742.jpg,Leptoceridae
gs://bugoff-bucket1/hinton/Insecta/GenusSpecies/Mystacides/sepulchralis/Mystacides-sepulchralis-1072917.jpg,Leptoceridae
gs://bugoff-bucket1/hinton/Insecta/GenusSpecies/Mystacides/sepulchralis/Mystacides-sepulchralis-1131570.jpg,Leptoceridae
gs://bugoff-bucket1/hinton/Insecta/GenusSpecies/Mystacides/sepulchralis/Mystacides-sepulchralis-1980612.jpg,Leptoceridae
gs://bugoff-bucket1/hinton/Insecta/GenusSpecies/Mystacides/sepulchralis/Mystacides-sepulchralis-1985967.jpg,Leptoceridae
gs://bugoff-bucket1/hinton/Insecta/GenusSpecies/Mystacides/sepulchralis/Mystacides-sepulchralis-2005352.jpg,Leptoceridae
gs://bugoff-bucket1/hinton/Insecta/GenusSpecies/Mystacides/sepulchralis/Mystacides-sepulchralis-2086915.jpg,Leptoceridae
gs://bugoff-bucket1/hinton/Insecta/GenusSpecies/Mystacides/sepulchralis/Mystacides-sepulchralis-2400003.jpg,Leptoceridae
gs://bugoff-bucket1/hinton/Insecta/GenusSpecies/Mystacides/sepulchralis/Mystacides-sepulchralis-2450305.jpg,Leptoceridae
gs://bugoff-bucket1/hinton/Insecta/GenusSpecies/Mystacides/sepulchralis/Mystacides-sepulchralis-271414.jpg,Leptoceridae
gs://bugoff-bucket1/hinton/Insecta/GenusSpecies/Mystacides/sepulchralis/Mystacides-sepulchralis-3682955.jpg,Leptoceridae
gs://bugoff-bucket1/hinton/Insecta/GenusSpecies/Mystacides/sepulchralis/Mystacides-sepulchralis-3684201.jpg,Leptoceridae
gs://bugoff-bucket1/hinton/Insecta/GenusSpecies/Mystacides/sepulchralis/Mystacides-sepulchralis-3900404.jpg,Leptoceridae
gs://bugoff-bucket1/hinton/Insecta/GenusSpecies/Mystacides/sepulchralis/Mystacides-sepulchralis-3919062.jpg,Leptoceridae
gs://bugoff-bucket1/hinton/Insecta/GenusSpecies/Mystacides/sepulchralis/Mystacides-sepulchralis-3931677.jpg,Leptoceridae
gs://bugoff-bucket1/hinton/Insecta/GenusSpecies/Mystacides/sepulchralis/Mystacides-sepulchralis-4075397.jpg,Leptoceridae
gs://bugoff-bucket1/hinton/Insecta/GenusSpecies/Mystacides/sepulchralis/Mystacides-sepulchralis-4437411.jpg,Leptoceridae
gs://bugoff-bucket1/hinton/Insecta/GenusSpecies/Mystacides/sepulchralis/Mystacides-sepulchralis-4515865.jpg,Leptoceridae
gs://bugoff-bucket1/hinton/Insecta/GenusSpecies/Mystacides/sepulchralis/Mystacides-sepulchralis-5452443.jpg,Leptoceridae
gs://bugoff-bucket1/hinton/Insecta/GenusSpecies/Mystacides/sepulchralis/Mystacides-sepulchralis-5660462.jpg,Leptoceridae
gs://bugoff-bucket1/hinton/Insecta/GenusSpecies/Mystacides/sepulchralis/Mystacides-sepulchralis-5998307.jpg,Leptoceridae
gs://bugoff-bucket1/hinton/Insecta/GenusSpecies/Mystacides/sepulchralis/Mystacides-sepulchralis-7942708.jpg,Leptoceridae
gs://bugoff-bucket1/hinton/Insecta/GenusSpecies/Mystacides/sepulchralis/Mystacides-sepulchralis-7992058.jpg,Leptoceridae
gs://bugoff-bucket1/hinton/Insecta/GenusSpecies/Nectopsyche/albida/Nectopsyche-albida-1813388.jpg,Leptoceridae
gs://bugoff-bucket1/hinton/Insecta/GenusSpecies/Nectopsyche/albida/Nectopsyche-albida-1931092.jpg,Leptoceridae
gs://bugoff-bucket1/hinton/Insecta/GenusSpecies/Nectopsyche/albida/Nectopsyche-albida-350462.jpg,Leptoceridae
gs://bugoff-bucket1/hinton/Insecta/GenusSpecies/Nectopsyche/exquisita/Nectopsyche-exquisita-4513726.jpg,Leptoceridae
gs://bugoff-bucket1/hinton/Insecta/GenusSpecies/Nectopsyche/exquisita/Nectopsyche-exquisita-5110750.jpg,Leptoceridae
gs://bugoff-bucket1/hinton/Insecta/GenusSpecies/Nectopsyche/exquisita/Nectopsyche-exquisita-7775492.jpg,Leptoceridae
gs://bugoff-bucket1/hinton/Insecta/GenusSpecies/Nemotaulius/hostilis/Nemotaulius-hostilis-3742972.jpg,Limnephilidae
gs://bugoff-bucket1/hinton/Insecta/GenusSpecies/Nemotaulius/hostilis/Nemotaulius-hostilis-5528911.jpg,Limnephilidae
gs://bugoff-bucket1/hinton/Insecta/GenusSpecies/Nemotaulius/hostilis/Nemotaulius-hostilis-5786451.jpg,Limnephilidae
gs://bugoff-bucket1/hinton/Insecta/GenusSpecies/Nemotaulius/hostilis/Nemotaulius-hostilis-5786456.jpg,Limnephilidae
gs://bugoff-bucket1/hinton/Insecta/GenusSpecies/Nemotaulius/hostilis/Nemotaulius-hostilis-5806596.jpg,Limnephilidae
gs://bugoff-bucket1/hinton/Insecta/GenusSpecies/Nemotaulius/hostilis/Nemotaulius-hostilis-6985834.jpg,Limnephilidae
gs://bugoff-bucket1/hinton/Insecta/GenusSpecies/Neophylax/fuscus/Neophylax-fuscus-5617016.jpg,Thremmatidae
gs://bugoff-bucket1/hinton/Insecta/GenusSpecies/Neophylax/oligius/Neophylax-oligius-2525286.jpg,Thremmatidae
gs://bugoff-bucket1/hinton/Insecta/GenusSpecies/Neophylax/oligius/Neophylax-oligius-2593443.jpg,Thremmatidae
gs://bugoff-bucket1/hinton/Insecta/GenusSpecies/Neophylax/oligius/Neophylax-oligius-485722.jpg,Thremmatidae
gs://bugoff-bucket1/hinton/Insecta/GenusSpecies/Neophylax/oligius/Neophylax-oligius-485782.jpg,Thremmatidae
gs://bugoff-bucket1/hinton/Insecta/GenusSpecies/Neophylax/oligius/Neophylax-oligius-6321936.jpg,Thremmatidae
gs://bugoff-bucket1/hinton/Insecta/GenusSpecies/Neophylax/splendens/Neophylax-splendens-34556.jpg,Thremmatidae
gs://bugoff-bucket1/hinton/Insecta/GenusSpecies/Nerophilus/californicus/Nerophilus-californicus-4997087.jpg,Odontoceridae
gs://bugoff-bucket1/hinton/Insecta/GenusSpecies/Nerophilus/californicus/Nerophilus-californicus-7166637.jpg,Odontoceridae
gs://bugoff-bucket1/hinton/Insecta/GenusSpecies/Nyctiophylax/affinis/Nyctiophylax-affinis-6322395.jpg,Polycentropodidae
gs://bugoff-bucket1/hinton/Insecta/GenusSpecies/Oecetis/avara/Oecetis-avara-6072345.jpg,Leptoceridae
gs://bugoff-bucket1/hinton/Insecta/GenusSpecies/Oecetis/cinerascens/Oecetis-cinerascens-6322034.jpg,Leptoceridae
gs://bugoff-bucket1/hinton/Insecta/GenusSpecies/Oecetis/cinerascens/Oecetis-cinerascens-6322124.jpg,Leptoceridae
gs://bugoff-bucket1/hinton/Insecta/GenusSpecies/Oecetis/inconspicua/Oecetis-inconspicua-5806221.jpg,Leptoceridae
gs://bugoff-bucket1/hinton/Insecta/GenusSpecies/Oecetis/persimilis/Oecetis-persimilis-6322359.jpg,Leptoceridae
gs://bugoff-bucket1/hinton/Insecta/GenusSpecies/Oecetis/unicolor/Oecetis-unicolor-1276495.jpg,Leptoceridae
gs://bugoff-bucket1/hinton/Insecta/GenusSpecies/Oecetis/unicolor/Oecetis-unicolor-3071659.jpg,Leptoceridae
gs://bugoff-bucket1/hinton/Insecta/GenusSpecies/Oecetis/unicolor/Oecetis-unicolor-6539331.jpg,Leptoceridae
gs://bugoff-bucket1/hinton/Insecta/GenusSpecies/Onocosmoecus/unicolor/Onocosmoecus-unicolor-5786238.jpg,Limnephilidae
gs://bugoff-bucket1/hinton/Insecta/GenusSpecies/Onocosmoecus/unicolor/Onocosmoecus-unicolor-5786266.jpg,Limnephilidae
gs://bugoff-bucket1/hinton/Insecta/GenusSpecies/Onocosmoecus/unicolor/Onocosmoecus-unicolor-5786267.jpg,Limnephilidae
gs://bugoff-bucket1/hinton/Insecta/GenusSpecies/Onocosmoecus/unicolor/Onocosmoecus-unicolor-5786284.jpg,Limnephilidae
gs://bugoff-bucket1/hinton/Insecta/GenusSpecies/Oxyethira/albiceps/Oxyethira-albiceps-1278969.jpg,Hydroptilidae
gs://bugoff-bucket1/hinton/Insecta/GenusSpecies/Oxyethira/albiceps/Oxyethira-albiceps-2946123.jpg,Hydroptilidae
gs://bugoff-bucket1/hinton/Insecta/GenusSpecies/Oxyethira/flavicornis/Oxyethira-flavicornis-2027857.jpg,Hydroptilidae
gs://bugoff-bucket1/hinton/Insecta/GenusSpecies/Phanocelia/canadensis/Phanocelia-canadensis-5914730.jpg,Limnephilidae
gs://bugoff-bucket1/hinton/Insecta/GenusSpecies/Phryganea/cinerea/Phryganea-cinerea-2719558.jpg,Phryganeidae
gs://bugoff-bucket1/hinton/Insecta/GenusSpecies/Phryganea/cinerea/Phryganea-cinerea-6322599.jpg,Phryganeidae
gs://bugoff-bucket1/hinton/Insecta/GenusSpecies/Phryganea/grandis/Phryganea-grandis-2006924.jpg,Phryganeidae
gs://bugoff-bucket1/hinton/Insecta/GenusSpecies/Phryganea/grandis/Phryganea-grandis-2006926.jpg,Phryganeidae
gs://bugoff-bucket1/hinton/Insecta/GenusSpecies/Phryganea/grandis/Phryganea-grandis-2006927.jpg,Phryganeidae
gs://bugoff-bucket1/hinton/Insecta/GenusSpecies/Phryganea/grandis/Phryganea-grandis-2016942.jpg,Phryganeidae
gs://bugoff-bucket1/hinton/Insecta/GenusSpecies/Phryganea/grandis/Phryganea-grandis-2162074.jpg,Phryganeidae
gs://bugoff-bucket1/hinton/Insecta/GenusSpecies/Phryganea/grandis/Phryganea-grandis-423655.jpg,Phryganeidae
gs://bugoff-bucket1/hinton/Insecta/GenusSpecies/Phryganea/grandis/Phryganea-grandis-562490.jpg,Phryganeidae
gs://bugoff-bucket1/hinton/Insecta/GenusSpecies/Phryganea/sayi/Phryganea-sayi-2496286.jpg,Phryganeidae
gs://bugoff-bucket1/hinton/Insecta/GenusSpecies/Phylloicus/aeneus/Phylloicus-aeneus-2527853.jpg,Calamoceratidae
gs://bugoff-bucket1/hinton/Insecta/GenusSpecies/Phylloicus/aeneus/Phylloicus-aeneus-4048261.jpg,Calamoceratidae
gs://bugoff-bucket1/hinton/Insecta/GenusSpecies/Phylloicus/aeneus/Phylloicus-aeneus-4201543.jpg,Calamoceratidae
gs://bugoff-bucket1/hinton/Insecta/GenusSpecies/Phylloicus/aeneus/Phylloicus-aeneus-5595580.jpg,Calamoceratidae
gs://bugoff-bucket1/hinton/Insecta/GenusSpecies/Phylloicus/aeneus/Phylloicus-aeneus-613247.jpg,Calamoceratidae
gs://bugoff-bucket1/hinton/Insecta/GenusSpecies/Phylloicus/mexicanus/Phylloicus-mexicanus-5878649.jpg,Calamoceratidae
gs://bugoff-bucket1/hinton/Insecta/GenusSpecies/Phylocentropus/placidus/Phylocentropus-placidus-5786224.jpg,Dipseudopsidae
gs://bugoff-bucket1/hinton/Insecta/GenusSpecies/Phylocentropus/placidus/Phylocentropus-placidus-5786259.jpg,Dipseudopsidae
gs://bugoff-bucket1/hinton/Insecta/GenusSpecies/Phylocentropus/placidus/Phylocentropus-placidus-5786264.jpg,Dipseudopsidae
gs://bugoff-bucket1/hinton/Insecta/GenusSpecies/Phylocentropus/placidus/Phylocentropus-placidus-5786272.jpg,Dipseudopsidae
gs://bugoff-bucket1/hinton/Insecta/GenusSpecies/Phylocentropus/placidus/Phylocentropus-placidus-5786275.jpg,Dipseudopsidae
gs://bugoff-bucket1/hinton/Insecta/GenusSpecies/Phylocentropus/placidus/Phylocentropus-placidus-5786285.jpg,Dipseudopsidae
gs://bugoff-bucket1/hinton/Insecta/GenusSpecies/Phylocentropus/placidus/Phylocentropus-placidus-5786446.jpg,Dipseudopsidae
gs://bugoff-bucket1/hinton/Insecta/GenusSpecies/Phylocentropus/placidus/Phylocentropus-placidus-5786448.jpg,Dipseudopsidae
gs://bugoff-bucket1/hinton/Insecta/GenusSpecies/Platycentropus/radiatus/Platycentropus-radiatus-2031129.jpg,Limnephilidae
gs://bugoff-bucket1/hinton/Insecta/GenusSpecies/Platycentropus/radiatus/Platycentropus-radiatus-2276919.jpg,Limnephilidae
gs://bugoff-bucket1/hinton/Insecta/GenusSpecies/Platycentropus/radiatus/Platycentropus-radiatus-3995835.jpg,Limnephilidae
gs://bugoff-bucket1/hinton/Insecta/GenusSpecies/Platycentropus/radiatus/Platycentropus-radiatus-481987.jpg,Limnephilidae
gs://bugoff-bucket1/hinton/Insecta/GenusSpecies/Polycentropus/flavomaculatus/Polycentropus-flavomaculatus-5873612.jpg,Polycentropodidae
gs://bugoff-bucket1/hinton/Insecta/GenusSpecies/Psilotreta/labida/Psilotreta-labida-4070806.jpg,Odontoceridae
gs://bugoff-bucket1/hinton/Insecta/GenusSpecies/Psychoglypha/alascensis/Psychoglypha-alascensis-3218404.jpg,Limnephilidae
gs://bugoff-bucket1/hinton/Insecta/GenusSpecies/Psychoglypha/subborealis/Psychoglypha-subborealis-2988680.jpg,Limnephilidae
gs://bugoff-bucket1/hinton/Insecta/GenusSpecies/Psychoglypha/subborealis/Psychoglypha-subborealis-5806222.jpg,Limnephilidae
gs://bugoff-bucket1/hinton/Insecta/GenusSpecies/Psychoglypha/subborealis/Psychoglypha-subborealis-6862987.jpg,Limnephilidae
gs://bugoff-bucket1/hinton/Insecta/GenusSpecies/Pycnopsyche/gentilis/Pycnopsyche-gentilis-1482529.jpg,Limnephilidae
gs://bugoff-bucket1/hinton/Insecta/GenusSpecies/Pycnopsyche/limbata/Pycnopsyche-limbata-2593808.jpg,Limnephilidae
gs://bugoff-bucket1/hinton/Insecta/GenusSpecies/Pycnopsyche/limbata/Pycnopsyche-limbata-482287.jpg,Limnephilidae
gs://bugoff-bucket1/hinton/Insecta/GenusSpecies/Pycnopsyche/limbata/Pycnopsyche-limbata-484250.jpg,Limnephilidae
gs://bugoff-bucket1/hinton/Insecta/GenusSpecies/Pycnopsyche/limbata/Pycnopsyche-limbata-487128.jpg,Limnephilidae
gs://bugoff-bucket1/hinton/Insecta/GenusSpecies/Pycnopsyche/limbata/Pycnopsyche-limbata-5786253.jpg,Limnephilidae
gs://bugoff-bucket1/hinton/Insecta/GenusSpecies/Pycnopsyche/scabripennis/Pycnopsyche-scabripennis-4782279.jpg,Limnephilidae
gs://bugoff-bucket1/hinton/Insecta/GenusSpecies/Rhyacophila/brunnea/Rhyacophila-brunnea-7143967.jpg,Rhyacophilidae
gs://bugoff-bucket1/hinton/Insecta/GenusSpecies/Rhyacophila/dorsalis/Rhyacophila-dorsalis-3695364.jpg,Rhyacophilidae
gs://bugoff-bucket1/hinton/Insecta/GenusSpecies/Rhyacophila/dorsalis/Rhyacophila-dorsalis-4003382.jpg,Rhyacophilidae
gs://bugoff-bucket1/hinton/Insecta/GenusSpecies/Rhyacophila/dorsalis/Rhyacophila-dorsalis-5585543.jpg,Rhyacophilidae
gs://bugoff-bucket1/hinton/Insecta/GenusSpecies/Rhyacophila/fuscula/Rhyacophila-fuscula-6322556.jpg,Rhyacophilidae
gs://bugoff-bucket1/hinton/Insecta/GenusSpecies/Rhyacophila/nubila/Rhyacophila-nubila-2217865.jpg,Rhyacophilidae
gs://bugoff-bucket1/hinton/Insecta/GenusSpecies/Rhyacophila/nubila/Rhyacophila-nubila-2240548.jpg,Rhyacophilidae
gs://bugoff-bucket1/hinton/Insecta/GenusSpecies/Setodes/argentiferus/Setodes-argentiferus-1558036.jpg,Leptoceridae
gs://bugoff-bucket1/hinton/Insecta/GenusSpecies/Setodes/oligius/Setodes-oligius-1919957.jpg,Leptoceridae
gs://bugoff-bucket1/hinton/Insecta/GenusSpecies/Smicridea/dispar/Smicridea-dispar-1309327.jpg,Hydropsychidae
gs://bugoff-bucket1/hinton/Insecta/GenusSpecies/Smicridea/dispar/Smicridea-dispar-2110182.jpg,Hydropsychidae
gs://bugoff-bucket1/hinton/Insecta/GenusSpecies/Smicridea/dispar/Smicridea-dispar-2160399.jpg,Hydropsychidae
gs://bugoff-bucket1/hinton/Insecta/GenusSpecies/Smicridea/dispar/Smicridea-dispar-2251588.jpg,Hydropsychidae
gs://bugoff-bucket1/hinton/Insecta/GenusSpecies/Smicridea/dispar/Smicridea-dispar-2395737.jpg,Hydropsychidae
gs://bugoff-bucket1/hinton/Insecta/GenusSpecies/Smicridea/dispar/Smicridea-dispar-2573207.jpg,Hydropsychidae
gs://bugoff-bucket1/hinton/Insecta/GenusSpecies/Smicridea/dispar/Smicridea-dispar-2736139.jpg,Hydropsychidae
gs://bugoff-bucket1/hinton/Insecta/GenusSpecies/Smicridea/dispar/Smicridea-dispar-2778211.jpg,Hydropsychidae
gs://bugoff-bucket1/hinton/Insecta/GenusSpecies/Smicridea/dispar/Smicridea-dispar-2878729.jpg,Hydropsychidae
gs://bugoff-bucket1/hinton/Insecta/GenusSpecies/Smicridea/dispar/Smicridea-dispar-3863107.jpg,Hydropsychidae
gs://bugoff-bucket1/hinton/Insecta/GenusSpecies/Smicridea/dispar/Smicridea-dispar-3926588.jpg,Hydropsychidae
gs://bugoff-bucket1/hinton/Insecta/GenusSpecies/Smicridea/dispar/Smicridea-dispar-4510241.jpg,Hydropsychidae
gs://bugoff-bucket1/hinton/Insecta/GenusSpecies/Smicridea/dispar/Smicridea-dispar-4511457.jpg,Hydropsychidae
gs://bugoff-bucket1/hinton/Insecta/GenusSpecies/Smicridea/dispar/Smicridea-dispar-5932169.jpg,Hydropsychidae
gs://bugoff-bucket1/hinton/Insecta/GenusSpecies/Smicridea/dispar/Smicridea-dispar-5977233.jpg,Hydropsychidae
gs://bugoff-bucket1/hinton/Insecta/GenusSpecies/Smicridea/dispar/Smicridea-dispar-7741250.jpg,Hydropsychidae
gs://bugoff-bucket1/hinton/Insecta/GenusSpecies/Smicridea/signata/Smicridea-signata-2215980.jpg,Hydropsychidae
gs://bugoff-bucket1/hinton/Insecta/GenusSpecies/Smicridea/signata/Smicridea-signata-2359148.jpg,Hydropsychidae
gs://bugoff-bucket1/hinton/Insecta/GenusSpecies/Triaenodes/dipsius/Triaenodes-dipsius-365980.jpg,Leptoceridae
gs://bugoff-bucket1/hinton/Insecta/GenusSpecies/Triaenodes/dipsius/Triaenodes-dipsius-5806517.jpg,Leptoceridae
gs://bugoff-bucket1/hinton/Insecta/GenusSpecies/Triaenodes/marginatus/Triaenodes-marginatus-5806228.jpg,Leptoceridae
gs://bugoff-bucket1/hinton/Insecta/GenusSpecies/Triaenodes/marginatus/Triaenodes-marginatus-5806518.jpg,Leptoceridae
gs://bugoff-bucket1/hinton/Insecta/GenusSpecies/Triaenodes/marginatus/Triaenodes-marginatus-7211849.jpg,Leptoceridae
gs://bugoff-bucket1/hinton/Insecta/Genus1/Agrypnia/Agrypnia-1049601.jpg,Phryganeidae
gs://bugoff-bucket1/hinton/Insecta/Genus1/Apatania/Apatania-2017185.jpg,Apataniidae
gs://bugoff-bucket1/hinton/Insecta/Genus1/Arctopsyche/Arctopsyche-1041847.jpg,Hydropsychidae
gs://bugoff-bucket1/hinton/Insecta/Genus1/Banksiola/Banksiola-4014067.jpg,Phryganeidae
gs://bugoff-bucket1/hinton/Insecta/Genus1/Banksiola/Banksiola-4238063.jpg,Phryganeidae
gs://bugoff-bucket1/hinton/Insecta/Genus1/Banksiola/Banksiola-4261996.jpg,Phryganeidae
gs://bugoff-bucket1/hinton/Insecta/Genus1/Banksiola/Banksiola-4342130.jpg,Phryganeidae
gs://bugoff-bucket1/hinton/Insecta/Genus1/Banksiola/Banksiola-4563532.jpg,Phryganeidae
gs://bugoff-bucket1/hinton/Insecta/Genus1/Brachycentrus/Brachycentrus-3831368.jpg,Brachycentridae
gs://bugoff-bucket1/hinton/Insecta/Genus1/Brachycentrus/Brachycentrus-750711.jpg,Brachycentridae
gs://bugoff-bucket1/hinton/Insecta/Genus1/Cheumatopsyche/Cheumatopsyche-2627265.jpg,Hydropsychidae
gs://bugoff-bucket1/hinton/Insecta/Genus1/Cheumatopsyche/Cheumatopsyche-2979252.jpg,Hydropsychidae
gs://bugoff-bucket1/hinton/Insecta/Genus1/Cheumatopsyche/Cheumatopsyche-3100689.jpg,Hydropsychidae
gs://bugoff-bucket1/hinton/Insecta/Genus1/Cheumatopsyche/Cheumatopsyche-569095.jpg,Hydropsychidae
gs://bugoff-bucket1/hinton/Insecta/Genus1/Cheumatopsyche/Cheumatopsyche-6871188.jpg,Hydropsychidae
gs://bugoff-bucket1/hinton/Insecta/Genus1/Cheumatopsyche/Cheumatopsyche-6871189.jpg,Hydropsychidae
gs://bugoff-bucket1/hinton/Insecta/Genus1/Cheumatopsyche/Cheumatopsyche-6871191.jpg,Hydropsychidae
gs://bugoff-bucket1/hinton/Insecta/Genus1/Cheumatopsyche/Cheumatopsyche-6871199.jpg,Hydropsychidae
gs://bugoff-bucket1/hinton/Insecta/Genus1/Chimarra/Chimarra-1051358.jpg,Philopotamidae
gs://bugoff-bucket1/hinton/Insecta/Genus1/Chimarra/Chimarra-1575222.jpg,Philopotamidae
gs://bugoff-bucket1/hinton/Insecta/Genus1/Chimarra/Chimarra-1834198.jpg,Philopotamidae
gs://bugoff-bucket1/hinton/Insecta/Genus1/Chimarra/Chimarra-2191436.jpg,Philopotamidae
gs://bugoff-bucket1/hinton/Insecta/Genus1/Chimarra/Chimarra-2397530.jpg,Philopotamidae
gs://bugoff-bucket1/hinton/Insecta/Genus1/Chimarra/Chimarra-2404623.jpg,Philopotamidae
gs://bugoff-bucket1/hinton/Insecta/Genus1/Chimarra/Chimarra-2629965.jpg,Philopotamidae
gs://bugoff-bucket1/hinton/Insecta/Genus1/Chimarra/Chimarra-2638922.jpg,Philopotamidae
gs://bugoff-bucket1/hinton/Insecta/Genus1/Chimarra/Chimarra-2756857.jpg,Philopotamidae
gs://bugoff-bucket1/hinton/Insecta/Genus1/Chimarra/Chimarra-2907495.jpg,Philopotamidae
gs://bugoff-bucket1/hinton/Insecta/Genus1/Chimarra/Chimarra-3370881.jpg,Philopotamidae
gs://bugoff-bucket1/hinton/Insecta/Genus1/Chimarra/Chimarra-3966850.jpg,Philopotamidae
gs://bugoff-bucket1/hinton/Insecta/Genus1/Chimarra/Chimarra-4092296.jpg,Philopotamidae
gs://bugoff-bucket1/hinton/Insecta/Genus1/Chimarra/Chimarra-4148962.jpg,Philopotamidae
gs://bugoff-bucket1/hinton/Insecta/Genus1/Chimarra/Chimarra-4211247.jpg,Philopotamidae
gs://bugoff-bucket1/hinton/Insecta/Genus1/Chimarra/Chimarra-4411415.jpg,Philopotamidae
gs://bugoff-bucket1/hinton/Insecta/Genus1/Chimarra/Chimarra-4517475.jpg,Philopotamidae
gs://bugoff-bucket1/hinton/Insecta/Genus1/Chimarra/Chimarra-4864995.jpg,Philopotamidae
gs://bugoff-bucket1/hinton/Insecta/Genus1/Chimarra/Chimarra-4987555.jpg,Philopotamidae
gs://bugoff-bucket1/hinton/Insecta/Genus1/Chimarra/Chimarra-4999306.jpg,Philopotamidae
gs://bugoff-bucket1/hinton/Insecta/Genus1/Chimarra/Chimarra-55561.jpg,Philopotamidae
gs://bugoff-bucket1/hinton/Insecta/Genus1/Chimarra/Chimarra-6132552.jpg,Philopotamidae
gs://bugoff-bucket1/hinton/Insecta/Genus1/Chimarra/Chimarra-6321900.jpg,Philopotamidae
gs://bugoff-bucket1/hinton/Insecta/Genus1/Chimarra/Chimarra-6536439.jpg,Philopotamidae
gs://bugoff-bucket1/hinton/Insecta/Genus1/Chimarra/Chimarra-6990842.jpg,Philopotamidae
gs://bugoff-bucket1/hinton/Insecta/Genus1/Chimarra/Chimarra-7041634.jpg,Philopotamidae
gs://bugoff-bucket1/hinton/Insecta/Genus1/Chimarra/Chimarra-7278629.jpg,Philopotamidae
gs://bugoff-bucket1/hinton/Insecta/Genus1/Chimarra/Chimarra-7332415.jpg,Philopotamidae
gs://bugoff-bucket1/hinton/Insecta/Genus1/Chimarra/Chimarra-7684609.jpg,Philopotamidae
gs://bugoff-bucket1/hinton/Insecta/Genus1/Dicosmoecus/Dicosmoecus-3675788.jpg,Limnephilidae
gs://bugoff-bucket1/hinton/Insecta/Genus1/Dicosmoecus/Dicosmoecus-4228305.jpg,Limnephilidae
gs://bugoff-bucket1/hinton/Insecta/Genus1/Dicosmoecus/Dicosmoecus-433282.jpg,Limnephilidae
gs://bugoff-bucket1/hinton/Insecta/Genus1/Dicosmoecus/Dicosmoecus-488097.jpg,Limnephilidae
gs://bugoff-bucket1/hinton/Insecta/Genus1/Dicosmoecus/Dicosmoecus-6615106.jpg,Limnephilidae
gs://bugoff-bucket1/hinton/Insecta/Genus1/Frenesia/Frenesia-276129.jpg,Limnephilidae
gs://bugoff-bucket1/hinton/Insecta/Genus1/Helicopsyche/Helicopsyche-1195676.jpg,Helicopsychidae
gs://bugoff-bucket1/hinton/Insecta/Genus1/Helicopsyche/Helicopsyche-1296925.jpg,Helicopsychidae
gs://bugoff-bucket1/hinton/Insecta/Genus1/Helicopsyche/Helicopsyche-1703754.jpg,Helicopsychidae
gs://bugoff-bucket1/hinton/Insecta/Genus1/Helicopsyche/Helicopsyche-2184811.jpg,Helicopsychidae
gs://bugoff-bucket1/hinton/Insecta/Genus1/Helicopsyche/Helicopsyche-250798.jpg,Helicopsychidae
gs://bugoff-bucket1/hinton/Insecta/Genus1/Helicopsyche/Helicopsyche-256075.jpg,Helicopsychidae
gs://bugoff-bucket1/hinton/Insecta/Genus1/Helicopsyche/Helicopsyche-2583398.jpg,Helicopsychidae
gs://bugoff-bucket1/hinton/Insecta/Genus1/Helicopsyche/Helicopsyche-2630352.jpg,Helicopsychidae
gs://bugoff-bucket1/hinton/Insecta/Genus1/Helicopsyche/Helicopsyche-7740006.jpg,Helicopsychidae
gs://bugoff-bucket1/hinton/Insecta/Genus1/Hydatophylax/Hydatophylax-131703.jpg,Limnephilidae
gs://bugoff-bucket1/hinton/Insecta/Genus1/Hydropsyche/Hydropsyche-1228340.jpg,Hydropsychidae
gs://bugoff-bucket1/hinton/Insecta/Genus1/Hydropsyche/Hydropsyche-1263118.jpg,Hydropsychidae
gs://bugoff-bucket1/hinton/Insecta/Genus1/Hydropsyche/Hydropsyche-131801.jpg,Hydropsychidae
gs://bugoff-bucket1/hinton/Insecta/Genus1/Hydropsyche/Hydropsyche-159925.jpg,Hydropsychidae
gs://bugoff-bucket1/hinton/Insecta/Genus1/Hydropsyche/Hydropsyche-1626420.jpg,Hydropsychidae
gs://bugoff-bucket1/hinton/Insecta/Genus1/Hydropsyche/Hydropsyche-1926221.jpg,Hydropsychidae
gs://bugoff-bucket1/hinton/Insecta/Genus1/Hydropsyche/Hydropsyche-2594248.jpg,Hydropsychidae
gs://bugoff-bucket1/hinton/Insecta/Genus1/Hydropsyche/Hydropsyche-3549383.jpg,Hydropsychidae
gs://bugoff-bucket1/hinton/Insecta/Genus1/Hydropsyche/Hydropsyche-3698219.jpg,Hydropsychidae
gs://bugoff-bucket1/hinton/Insecta/Genus1/Hydropsyche/Hydropsyche-3870059.jpg,Hydropsychidae
gs://bugoff-bucket1/hinton/Insecta/Genus1/Hydropsyche/Hydropsyche-482927.jpg,Hydropsychidae
gs://bugoff-bucket1/hinton/Insecta/Genus1/Hydropsyche/Hydropsyche-5625447.jpg,Hydropsychidae
gs://bugoff-bucket1/hinton/Insecta/Genus1/Hydropsyche/Hydropsyche-5806198.jpg,Hydropsychidae
gs://bugoff-bucket1/hinton/Insecta/Genus1/Hydropsyche/Hydropsyche-5962818.jpg,Hydropsychidae
gs://bugoff-bucket1/hinton/Insecta/Genus1/Hydropsyche/Hydropsyche-7569453.jpg,Hydropsychidae
gs://bugoff-bucket1/hinton/Insecta/Genus1/Hydropsyche/Hydropsyche-7629305.jpg,Hydropsychidae
gs://bugoff-bucket1/hinton/Insecta/Genus1/Hydropsyche/Hydropsyche-7917426.jpg,Hydropsychidae
gs://bugoff-bucket1/hinton/Insecta/Genus1/Hydropsyche/Hydropsyche-7953921.jpg,Hydropsychidae
gs://bugoff-bucket1/hinton/Insecta/Genus1/Ironoquia/Ironoquia-2593641.jpg,Limnephilidae
gs://bugoff-bucket1/hinton/Insecta/Genus1/Lepidostoma/Lepidostoma-2637756.jpg,Lepidostomatidae
gs://bugoff-bucket1/hinton/Insecta/Genus1/Lepidostoma/Lepidostoma-3977547.jpg,Lepidostomatidae
gs://bugoff-bucket1/hinton/Insecta/Genus1/Lepidostoma/Lepidostoma-4211379.jpg,Lepidostomatidae
gs://bugoff-bucket1/hinton/Insecta/Genus1/Lepidostoma/Lepidostoma-4333171.jpg,Lepidostomatidae
gs://bugoff-bucket1/hinton/Insecta/Genus1/Limnephilus/Limnephilus-1081521.jpg,Limnephilidae
gs://bugoff-bucket1/hinton/Insecta/Genus1/Limnephilus/Limnephilus-1372186.jpg,Limnephilidae
gs://bugoff-bucket1/hinton/Insecta/Genus1/Limnephilus/Limnephilus-1735186.jpg,Limnephilidae
gs://bugoff-bucket1/hinton/Insecta/Genus1/Limnephilus/Limnephilus-2305520.jpg,Limnephilidae
gs://bugoff-bucket1/hinton/Insecta/Genus1/Limnephilus/Limnephilus-2439758.jpg,Limnephilidae
gs://bugoff-bucket1/hinton/Insecta/Genus1/Limnephilus/Limnephilus-2523984.jpg,Limnephilidae
gs://bugoff-bucket1/hinton/Insecta/Genus1/Limnephilus/Limnephilus-2595735.jpg,Limnephilidae
gs://bugoff-bucket1/hinton/Insecta/Genus1/Limnephilus/Limnephilus-2601775.jpg,Limnephilidae
gs://bugoff-bucket1/hinton/Insecta/Genus1/Limnephilus/Limnephilus-2633719.jpg,Limnephilidae
gs://bugoff-bucket1/hinton/Insecta/Genus1/Limnephilus/Limnephilus-2633721.jpg,Limnephilidae
gs://bugoff-bucket1/hinton/Insecta/Genus1/Limnephilus/Limnephilus-2637800.jpg,Limnephilidae
gs://bugoff-bucket1/hinton/Insecta/Genus1/Limnephilus/Limnephilus-3282726.jpg,Limnephilidae
gs://bugoff-bucket1/hinton/Insecta/Genus1/Limnephilus/Limnephilus-3692656.jpg,Limnephilidae
gs://bugoff-bucket1/hinton/Insecta/Genus1/Limnephilus/Limnephilus-3943321.jpg,Limnephilidae
gs://bugoff-bucket1/hinton/Insecta/Genus1/Limnephilus/Limnephilus-3943322.jpg,Limnephilidae
gs://bugoff-bucket1/hinton/Insecta/Genus1/Limnephilus/Limnephilus-395332.jpg,Limnephilidae
gs://bugoff-bucket1/hinton/Insecta/Genus1/Limnephilus/Limnephilus-4553456.jpg,Limnephilidae
gs://bugoff-bucket1/hinton/Insecta/Genus1/Limnephilus/Limnephilus-5651727.jpg,Limnephilidae
gs://bugoff-bucket1/hinton/Insecta/Genus1/Limnephilus/Limnephilus-5705289.jpg,Limnephilidae
gs://bugoff-bucket1/hinton/Insecta/Genus1/Limnephilus/Limnephilus-6640877.jpg,Limnephilidae
gs://bugoff-bucket1/hinton/Insecta/Genus1/Limnephilus/Limnephilus-6720216.jpg,Limnephilidae
gs://bugoff-bucket1/hinton/Insecta/Genus1/Macrostemum/Macrostemum-1387242.jpg,Hydropsychidae
gs://bugoff-bucket1/hinton/Insecta/Genus1/Macrostemum/Macrostemum-3833906.jpg,Hydropsychidae
gs://bugoff-bucket1/hinton/Insecta/Genus1/Macrostemum/Macrostemum-3865475.jpg,Hydropsychidae
gs://bugoff-bucket1/hinton/Insecta/Genus1/Macrostemum/Macrostemum-3933368.jpg,Hydropsychidae
gs://bugoff-bucket1/hinton/Insecta/Genus1/Macrostemum/Macrostemum-3958125.jpg,Hydropsychidae
gs://bugoff-bucket1/hinton/Insecta/Genus1/Macrostemum/Macrostemum-5224049.jpg,Hydropsychidae
gs://bugoff-bucket1/hinton/Insecta/Genus1/Macrostemum/Macrostemum-7335398.jpg,Hydropsychidae
gs://bugoff-bucket1/hinton/Insecta/Genus1/Macrostemum/Macrostemum-7529390.jpg,Hydropsychidae
gs://bugoff-bucket1/hinton/Insecta/Genus1/Molanna/Molanna-1051424.jpg,Molannidae
gs://bugoff-bucket1/hinton/Insecta/Genus1/Molanna/Molanna-3974099.jpg,Molannidae
gs://bugoff-bucket1/hinton/Insecta/Genus1/Molanna/Molanna-5617942.jpg,Molannidae
gs://bugoff-bucket1/hinton/Insecta/Genus1/Mystacides/Mystacides-3252741.jpg,Leptoceridae
gs://bugoff-bucket1/hinton/Insecta/Genus1/Mystacides/Mystacides-4081189.jpg,Leptoceridae
gs://bugoff-bucket1/hinton/Insecta/Genus1/Mystacides/Mystacides-4096912.jpg,Leptoceridae
gs://bugoff-bucket1/hinton/Insecta/Genus1/Mystacides/Mystacides-4110817.jpg,Leptoceridae
gs://bugoff-bucket1/hinton/Insecta/Genus1/Mystacides/Mystacides-4256842.jpg,Leptoceridae
gs://bugoff-bucket1/hinton/Insecta/Genus1/Mystacides/Mystacides-4960744.jpg,Leptoceridae
gs://bugoff-bucket1/hinton/Insecta/Genus1/Mystacides/Mystacides-5143710.jpg,Leptoceridae
gs://bugoff-bucket1/hinton/Insecta/Genus1/Nectopsyche/Nectopsyche-2072037.jpg,Leptoceridae
gs://bugoff-bucket1/hinton/Insecta/Genus1/Nectopsyche/Nectopsyche-2135344.jpg,Leptoceridae
gs://bugoff-bucket1/hinton/Insecta/Genus1/Nectopsyche/Nectopsyche-2205616.jpg,Leptoceridae
gs://bugoff-bucket1/hinton/Insecta/Genus1/Nectopsyche/Nectopsyche-2357580.jpg,Leptoceridae
gs://bugoff-bucket1/hinton/Insecta/Genus1/Nectopsyche/Nectopsyche-2563164.jpg,Leptoceridae
gs://bugoff-bucket1/hinton/Insecta/Genus1/Nectopsyche/Nectopsyche-3452580.jpg,Leptoceridae
gs://bugoff-bucket1/hinton/Insecta/Genus1/Nectopsyche/Nectopsyche-3569143.jpg,Leptoceridae
gs://bugoff-bucket1/hinton/Insecta/Genus1/Nectopsyche/Nectopsyche-4039825.jpg,Leptoceridae
gs://bugoff-bucket1/hinton/Insecta/Genus1/Nectopsyche/Nectopsyche-5806156.jpg,Leptoceridae
gs://bugoff-bucket1/hinton/Insecta/Genus1/Nectopsyche/Nectopsyche-605959.jpg,Leptoceridae
gs://bugoff-bucket1/hinton/Insecta/Genus1/Nectopsyche/Nectopsyche-6987298.jpg,Leptoceridae
gs://bugoff-bucket1/hinton/Insecta/Genus1/Nectopsyche/Nectopsyche-7967226.jpg,Leptoceridae
gs://bugoff-bucket1/hinton/Insecta/Genus1/Neophylax/Neophylax-1147367.jpg,Thremmatidae
gs://bugoff-bucket1/hinton/Insecta/Genus1/Neophylax/Neophylax-1165317.jpg,Thremmatidae
gs://bugoff-bucket1/hinton/Insecta/Genus1/Neophylax/Neophylax-1324331.jpg,Thremmatidae
gs://bugoff-bucket1/hinton/Insecta/Genus1/Neophylax/Neophylax-2499250.jpg,Thremmatidae
gs://bugoff-bucket1/hinton/Insecta/Genus1/Neophylax/Neophylax-3222557.jpg,Thremmatidae
gs://bugoff-bucket1/hinton/Insecta/Genus1/Neophylax/Neophylax-3465872.jpg,Thremmatidae
gs://bugoff-bucket1/hinton/Insecta/Genus1/Neophylax/Neophylax-4948740.jpg,Thremmatidae
gs://bugoff-bucket1/hinton/Insecta/Genus1/Neophylax/Neophylax-5194154.jpg,Thremmatidae
gs://bugoff-bucket1/hinton/Insecta/Genus1/Neophylax/Neophylax-5194164.jpg,Thremmatidae
gs://bugoff-bucket1/hinton/Insecta/Genus1/Neophylax/Neophylax-5359444.jpg,Thremmatidae
gs://bugoff-bucket1/hinton/Insecta/Genus1/Neophylax/Neophylax-5425429.jpg,Thremmatidae
gs://bugoff-bucket1/hinton/Insecta/Genus1/Neophylax/Neophylax-5825692.jpg,Thremmatidae
gs://bugoff-bucket1/hinton/Insecta/Genus1/Neophylax/Neophylax-5838789.jpg,Thremmatidae
gs://bugoff-bucket1/hinton/Insecta/Genus1/Neophylax/Neophylax-5914313.jpg,Thremmatidae
gs://bugoff-bucket1/hinton/Insecta/Genus1/Nyctiophylax/Nyctiophylax-7989209.jpg,Polycentropodidae
gs://bugoff-bucket1/hinton/Insecta/Genus1/Nyctiophylax/Nyctiophylax-7990243.jpg,Polycentropodidae
gs://bugoff-bucket1/hinton/Insecta/Genus1/Oecetis/Oecetis-1217699.jpg,Leptoceridae
gs://bugoff-bucket1/hinton/Insecta/Genus1/Oecetis/Oecetis-1263191.jpg,Leptoceridae
gs://bugoff-bucket1/hinton/Insecta/Genus1/Oecetis/Oecetis-1565718.jpg,Leptoceridae
gs://bugoff-bucket1/hinton/Insecta/Genus1/Oecetis/Oecetis-2333967.jpg,Leptoceridae
gs://bugoff-bucket1/hinton/Insecta/Genus1/Oecetis/Oecetis-3964692.jpg,Leptoceridae
gs://bugoff-bucket1/hinton/Insecta/Genus1/Oecetis/Oecetis-4225524.jpg,Leptoceridae
gs://bugoff-bucket1/hinton/Insecta/Genus1/Oecetis/Oecetis-5871104.jpg,Leptoceridae
gs://bugoff-bucket1/hinton/Insecta/Genus1/Oecetis/Oecetis-6462763.jpg,Leptoceridae
gs://bugoff-bucket1/hinton/Insecta/Genus1/Oecetis/Oecetis-6563411.jpg,Leptoceridae
gs://bugoff-bucket1/hinton/Insecta/Genus1/Oecetis/Oecetis-6808946.jpg,Leptoceridae
gs://bugoff-bucket1/hinton/Insecta/Genus1/Oecetis/Oecetis-6811252.jpg,Leptoceridae
gs://bugoff-bucket1/hinton/Insecta/Genus1/Oecetis/Oecetis-7298737.jpg,Leptoceridae
gs://bugoff-bucket1/hinton/Insecta/Genus1/Oecetis/Oecetis-7883566.jpg,Leptoceridae
gs://bugoff-bucket1/hinton/Insecta/Genus1/Oecetis/Oecetis-7951236.jpg,Leptoceridae
gs://bugoff-bucket1/hinton/Insecta/Genus1/Oligostomis/Oligostomis-1651755.jpg,Phryganeidae
gs://bugoff-bucket1/hinton/Insecta/Genus1/Oxyethira/Oxyethira-1034416.jpg,Hydroptilidae
gs://bugoff-bucket1/hinton/Insecta/Genus1/Oxyethira/Oxyethira-1194047.jpg,Hydroptilidae
gs://bugoff-bucket1/hinton/Insecta/Genus1/Oxyethira/Oxyethira-1591681.jpg,Hydroptilidae
gs://bugoff-bucket1/hinton/Insecta/Genus1/Oxyethira/Oxyethira-1597807.jpg,Hydroptilidae
gs://bugoff-bucket1/hinton/Insecta/Genus1/Oxyethira/Oxyethira-2448342.jpg,Hydroptilidae
gs://bugoff-bucket1/hinton/Insecta/Genus1/Oxyethira/Oxyethira-3158003.jpg,Hydroptilidae
gs://bugoff-bucket1/hinton/Insecta/Genus1/Oxyethira/Oxyethira-359255.jpg,Hydroptilidae
gs://bugoff-bucket1/hinton/Insecta/Genus1/Oxyethira/Oxyethira-4550955.jpg,Hydroptilidae
gs://bugoff-bucket1/hinton/Insecta/Genus1/Phryganea/Phryganea-1025884.jpg,Phryganeidae
gs://bugoff-bucket1/hinton/Insecta/Genus1/Phryganea/Phryganea-1025885.jpg,Phryganeidae
gs://bugoff-bucket1/hinton/Insecta/Genus1/Phryganea/Phryganea-1055276.jpg,Phryganeidae
gs://bugoff-bucket1/hinton/Insecta/Genus1/Phryganea/Phryganea-2001679.jpg,Phryganeidae
gs://bugoff-bucket1/hinton/Insecta/Genus1/Phryganea/Phryganea-2298365.jpg,Phryganeidae
gs://bugoff-bucket1/hinton/Insecta/Genus1/Phryganea/Phryganea-2592104.jpg,Phryganeidae
gs://bugoff-bucket1/hinton/Insecta/Genus1/Phryganea/Phryganea-5464984.jpg,Phryganeidae
gs://bugoff-bucket1/hinton/Insecta/Genus1/Phryganea/Phryganea-6790774.jpg,Phryganeidae
gs://bugoff-bucket1/hinton/Insecta/Genus1/Phryganea/Phryganea-6793368.jpg,Phryganeidae
gs://bugoff-bucket1/hinton/Insecta/Genus1/Phylloicus/Phylloicus-2434116.jpg,Calamoceratidae
gs://bugoff-bucket1/hinton/Insecta/Genus1/Phylloicus/Phylloicus-6310956.jpg,Calamoceratidae
gs://bugoff-bucket1/hinton/Insecta/Genus1/Phylloicus/Phylloicus-6387177.jpg,Calamoceratidae
gs://bugoff-bucket1/hinton/Insecta/Genus1/Phylloicus/Phylloicus-6560814.jpg,Calamoceratidae
gs://bugoff-bucket1/hinton/Insecta/Genus1/Platycentropus/Platycentropus-6791035.jpg,Limnephilidae
gs://bugoff-bucket1/hinton/Insecta/Genus1/Platycentropus/Platycentropus-6810474.jpg,Limnephilidae
gs://bugoff-bucket1/hinton/Insecta/Genus1/Polycentropus/Polycentropus-2280261.jpg,Polycentropodidae
gs://bugoff-bucket1/hinton/Insecta/Genus1/Polycentropus/Polycentropus-2783688.jpg,Polycentropodidae
gs://bugoff-bucket1/hinton/Insecta/Genus1/Polycentropus/Polycentropus-5870414.jpg,Polycentropodidae
gs://bugoff-bucket1/hinton/Insecta/Genus1/Polycentropus/Polycentropus-750709.jpg,Polycentropodidae
gs://bugoff-bucket1/hinton/Insecta/Genus1/Pseudostenophylax/Pseudostenophylax-5400389.jpg,Limnephilidae
gs://bugoff-bucket1/hinton/Insecta/Genus1/Psychoglypha/Psychoglypha-2985481.jpg,Limnephilidae
gs://bugoff-bucket1/hinton/Insecta/Genus1/Psychoglypha/Psychoglypha-486004.jpg,Limnephilidae
gs://bugoff-bucket1/hinton/Insecta/Genus1/Psychoglypha/Psychoglypha-5419433.jpg,Limnephilidae
gs://bugoff-bucket1/hinton/Insecta/Genus1/Psychoglypha/Psychoglypha-6025023.jpg,Limnephilidae
gs://bugoff-bucket1/hinton/Insecta/Genus1/Psychoglypha/Psychoglypha-6607806.jpg,Limnephilidae
gs://bugoff-bucket1/hinton/Insecta/Genus1/Psychoglypha/Psychoglypha-6627570.jpg,Limnephilidae
gs://bugoff-bucket1/hinton/Insecta/Genus1/Psychoglypha/Psychoglypha-6725187.jpg,Limnephilidae
gs://bugoff-bucket1/hinton/Insecta/Genus1/Psychoglypha/Psychoglypha-6742907.jpg,Limnephilidae
gs://bugoff-bucket1/hinton/Insecta/Genus1/Psychoglypha/Psychoglypha-6932303.jpg,Limnephilidae
gs://bugoff-bucket1/hinton/Insecta/Genus1/Ptilostomis/Ptilostomis-2160820.jpg,Phryganeidae
gs://bugoff-bucket1/hinton/Insecta/Genus1/Ptilostomis/Ptilostomis-2301482.jpg,Phryganeidae
gs://bugoff-bucket1/hinton/Insecta/Genus1/Ptilostomis/Ptilostomis-2601947.jpg,Phryganeidae
gs://bugoff-bucket1/hinton/Insecta/Genus1/Ptilostomis/Ptilostomis-2602391.jpg,Phryganeidae
gs://bugoff-bucket1/hinton/Insecta/Genus1/Ptilostomis/Ptilostomis-2634064.jpg,Phryganeidae
gs://bugoff-bucket1/hinton/Insecta/Genus1/Ptilostomis/Ptilostomis-2976647.jpg,Phryganeidae
gs://bugoff-bucket1/hinton/Insecta/Genus1/Ptilostomis/Ptilostomis-2976648.jpg,Phryganeidae
gs://bugoff-bucket1/hinton/Insecta/Genus1/Ptilostomis/Ptilostomis-3839610.jpg,Phryganeidae
gs://bugoff-bucket1/hinton/Insecta/Genus1/Ptilostomis/Ptilostomis-4143171.jpg,Phryganeidae
gs://bugoff-bucket1/hinton/Insecta/Genus1/Ptilostomis/Ptilostomis-4290907.jpg,Phryganeidae
gs://bugoff-bucket1/hinton/Insecta/Genus1/Ptilostomis/Ptilostomis-4332675.jpg,Phryganeidae
gs://bugoff-bucket1/hinton/Insecta/Genus1/Ptilostomis/Ptilostomis-4417442.jpg,Phryganeidae
gs://bugoff-bucket1/hinton/Insecta/Genus1/Ptilostomis/Ptilostomis-4456807.jpg,Phryganeidae
gs://bugoff-bucket1/hinton/Insecta/Genus1/Pycnopsyche/Pycnopsyche-1282273.jpg,Limnephilidae
gs://bugoff-bucket1/hinton/Insecta/Genus1/Pycnopsyche/Pycnopsyche-1341830.jpg,Limnephilidae
gs://bugoff-bucket1/hinton/Insecta/Genus1/Pycnopsyche/Pycnopsyche-1998776.jpg,Limnephilidae
gs://bugoff-bucket1/hinton/Insecta/Genus1/Pycnopsyche/Pycnopsyche-2316478.jpg,Limnephilidae
gs://bugoff-bucket1/hinton/Insecta/Genus1/Pycnopsyche/Pycnopsyche-2599288.jpg,Limnephilidae
gs://bugoff-bucket1/hinton/Insecta/Genus1/Pycnopsyche/Pycnopsyche-2601757.jpg,Limnephilidae
gs://bugoff-bucket1/hinton/Insecta/Genus1/Pycnopsyche/Pycnopsyche-495304.jpg,Limnephilidae
gs://bugoff-bucket1/hinton/Insecta/Genus1/Pycnopsyche/Pycnopsyche-4975513.jpg,Limnephilidae
gs://bugoff-bucket1/hinton/Insecta/Genus1/Pycnopsyche/Pycnopsyche-547729.jpg,Limnephilidae
gs://bugoff-bucket1/hinton/Insecta/Genus1/Pycnopsyche/Pycnopsyche-5617957.jpg,Limnephilidae
gs://bugoff-bucket1/hinton/Insecta/Genus1/Pycnopsyche/Pycnopsyche-5796779.jpg,Limnephilidae
gs://bugoff-bucket1/hinton/Insecta/Genus1/Rhyacophila/Rhyacophila-1127680.jpg,Rhyacophilidae
gs://bugoff-bucket1/hinton/Insecta/Genus1/Rhyacophila/Rhyacophila-2069416.jpg,Rhyacophilidae
gs://bugoff-bucket1/hinton/Insecta/Genus1/Rhyacophila/Rhyacophila-3754443.jpg,Rhyacophilidae
gs://bugoff-bucket1/hinton/Insecta/Genus1/Setodes/Setodes-4461746.jpg,Leptoceridae
gs://bugoff-bucket1/hinton/Insecta/Genus1/Smicridea/Smicridea-2359152.jpg,Hydropsychidae
gs://bugoff-bucket1/hinton/Insecta/Genus1/Triaenodes/Triaenodes-1055971.jpg,Leptoceridae
gs://bugoff-bucket1/hinton/Insecta/Genus1/Triaenodes/Triaenodes-1497194.jpg,Leptoceridae
gs://bugoff-bucket1/hinton/Insecta/Genus1/Triaenodes/Triaenodes-1561766.jpg,Leptoceridae
gs://bugoff-bucket1/hinton/Insecta/Genus1/Triaenodes/Triaenodes-1824789.jpg,Leptoceridae
gs://bugoff-bucket1/hinton/Insecta/Genus1/Triaenodes/Triaenodes-1877604.jpg,Leptoceridae
gs://bugoff-bucket1/hinton/Insecta/Genus1/Triaenodes/Triaenodes-2214501.jpg,Leptoceridae
gs://bugoff-bucket1/hinton/Insecta/Genus1/Triaenodes/Triaenodes-2624444.jpg,Leptoceridae
gs://bugoff-bucket1/hinton/Insecta/Genus1/Triaenodes/Triaenodes-2634247.jpg,Leptoceridae
gs://bugoff-bucket1/hinton/Insecta/Genus1/Triaenodes/Triaenodes-3316676.jpg,Leptoceridae
gs://bugoff-bucket1/hinton/Insecta/Genus1/Triaenodes/Triaenodes-3569145.jpg,Leptoceridae
gs://bugoff-bucket1/hinton/Insecta/Genus1/Triaenodes/Triaenodes-3971027.jpg,Leptoceridae
gs://bugoff-bucket1/hinton/Insecta/Genus1/Triaenodes/Triaenodes-4080827.jpg,Leptoceridae
gs://bugoff-bucket1/hinton/Insecta/Genus1/Triaenodes/Triaenodes-4545889.jpg,Leptoceridae
gs://bugoff-bucket1/hinton/Insecta/Genus1/Triaenodes/Triaenodes-4732521.jpg,Leptoceridae
gs://bugoff-bucket1/hinton/Insecta/Genus1/Triaenodes/Triaenodes-4770749.jpg,Leptoceridae
gs://bugoff-bucket1/hinton/Insecta/Genus1/Triaenodes/Triaenodes-5258706.jpg,Leptoceridae
gs://bugoff-bucket1/hinton/Insecta/Genus1/Triaenodes/Triaenodes-5757535.jpg,Leptoceridae
gs://bugoff-bucket1/hinton/Insecta/Genus1/Triaenodes/Triaenodes-663639.jpg,Leptoceridae
gs://bugoff-bucket1/hinton/Insecta/Genus1/Triaenodes/Triaenodes-678577.jpg,Leptoceridae
gs://bugoff-bucket1/hinton/Insecta/Genus1/Triaenodes/Triaenodes-7089673.jpg,Leptoceridae
gs://bugoff-bucket1/hinton/Insecta/Genus1/Triaenodes/Triaenodes-7485600.jpg,Leptoceridae
gs://bugoff-bucket1/hinton/Insecta/Genus1/Triaenodes/Triaenodes-7599867.jpg,Leptoceridae
gs://bugoff-bucket1/hinton/Insecta/Genus1/Triaenodes/Triaenodes-7810716.jpg,Leptoceridae
gs://bugoff-bucket1/hinton/Insecta/Genus1/Triaenodes/Triaenodes-7864878.jpg,Leptoceridae
gs://bugoff-bucket1/hinton/Insecta/Genus1/Wormaldia/Wormaldia-7917387.jpg,Philopotamidae
